ID,Email,Plan_Type
dc1803f989d54981,user1@example.com,Business
494fef2aa834493e,user2@example.com,Pro
3c55f56f2e6e41db,user3@example.com,Business Plus
a42f0e0a61824163,user4@example.com,Pro
0ddec354a0674dec,user5@example.com,Business
acb281ae9d534100,user6@example.com,Business Plus
6b109fc31c254a46,user7@example.com,Pro
8fabe73ce5d54a34,user8@example.com,Business
0dfed8450af04db1,user9@example.com,Pro
e3dce10bd2e14d95,user10@example.com,Pro
ee93c8c0daeb482d,user11@example.com,Business
5e7056f220b94a94,user12@example.com,Pro
3b50c7d459a0417a,user13@example.com,Business Plus
6c9f5f49cb8f4057,user14@example.com,Business
2cfd341bdaec4b33,user15@example.com,Pro
746b7850a0b54fdc,user16@example.com,Business
270421cf01bc44d6,user17@example.com,Business Plus
fff95bd50ce7427c,user18@example.com,Pro
98f58a70438d4cad,user19@example.com,Business
1fe33398a26d4520,user20@example.com,Business Plus
d15942ebe39140b4,user21@example.com,Pro
2e4fe6f925424088,user22@example.com,Business
206c64417289490e,user23@example.com,Business Plus
5dfc5b28870f41a8,user24@example.com,Pro
07c28a2710654e8b,user25@example.com,Business
e848378a8f5c4ee4,user26@example.com,Pro
b07b72462d46496a,user27@example.com,Business Plus
9b80388019334c00,user28@example.com,Pro
e63ae7527d694938,user29@example.com,Business
a498232deb224c0f,user30@example.com,Business Plus
52c0c44fe5d14708,user31@example.com,Pro
a86346ec8842410d,user32@example.com,Business
f0f5244972a743a1,user33@example.com,Business Plus
179ca478f6274968,user34@example.com,Pro
e5d3225f11034a5c,user35@example.com,Business
a038414346734712,user36@example.com,Business Plus
d25db0fa02a0445c,user37@example.com,Pro
5b77048a57234321,user38@example.com,Business
5148871df1ba4db3,user39@example.com,Business Plus
ccaa5f979210488a,user40@example.com,Pro
4407f97ed5ae42f9,user41@example.com,Business
5d8cb0902915442f,user42@example.com,Business Plus
d281c98764be4dd9,user43@example.com,Pro
3e51cac902924b46,user44@example.com,Business
b3d9fd0d384b4688,user45@example.com,Business Plus
418c83e8d8f8407c,user46@example.com,Pro
4aecce5c00854cd5,user47@example.com,Business
2829ba21491b4720,user48@example.com,Business Plus
863c559f4dea45ef,user49@example.com,Pro
b9519783693e4437,user50@example.com,Business
ed0cddd8ee9f45c4,user51@example.com,Business Plus
19cc332b69864068,user52@example.com,Pro
129483d39a6f4fea,user53@example.com,Business
33d4f5bce7d94083,user54@example.com,Business Plus
8a2b223cd9434a6c,user55@example.com,Pro
e5550cb4e2f54daa,user56@example.com,Business
8b6cdfc76eb04a93,user57@example.com,Business Plus
ca226521635446f1,user58@example.com,Pro
147307e7ace2466a,user59@example.com,Business
756bc112afba4015,user60@example.com,Business Plus
b87a2debd3794cf3,user61@example.com,Pro
eddf91d9b3e94b84,user62@example.com,Business
7fc567bdd4ed49d4,user63@example.com,Business Plus
86bad24be4964422,user64@example.com,Pro
dcac4036bf2644e5,user65@example.com,Business
93855b9ca5514717,user66@example.com,Business Plus
457efcb88d7a4963,user67@example.com,Pro
c10ddce874d14eff,user68@example.com,Business
8f034963310e467e,user69@example.com,Business Plus
0beb8d48d86a47c9,user70@example.com,Pro
d40a81600f9a44ec,user71@example.com,Business
794faf1984014ed0,user72@example.com,Business Plus
8c4571903df841d3,user73@example.com,Pro
e9ed2cdf82684924,user74@example.com,Business
e0cda1530896453d,user75@example.com,Business Plus
05c970e5b51d496f,user76@example.com,Pro
ad7b6c37c0134f4f,user77@example.com,Business
b48ffc7f9f614118,user78@example.com,Business Plus
c83d6a6d008c43d7,user79@example.com,Pro
9b5f63036abd447b,user80@example.com,Business
9a424fda0f6a41d5,user81@example.com,Business Plus
9ad0c1e5708c43dc,user82@example.com,Pro
bf0159643b924c9d,user83@example.com,Business
c0f55b471b704f76,user84@example.com,Business Plus
8a5a974138b541d2,user85@example.com,Pro
96ec2aa6057545e7,user86@example.com,Business
81e653f8bc874599,user87@example.com,Business Plus
955688c3021c4fc5,user88@example.com,Pro
87cecc5b4055472e,user89@example.com,Business
686f5d2690cd4be7,user90@example.com,Business Plus
8496c78e5b794904,user91@example.com,Pro
f6c3f67e5a07443b,user92@example.com,Business
ca88b888dbc74b10,user93@example.com,Business Plus
158824b19a994e4e,user94@example.com,Pro
fea913f54afc443b,user95@example.com,Business
7494777b2899445b,user96@example.com,Business Plus
9491a542824d40cb,user97@example.com,Pro
b315889f7b2149d7,user98@example.com,Business
7bf823a924b24b86,user99@example.com,Business Plus
a092e5e3a5a241c1,user100@example.com,Pro
f5cbb14219a34e34,user101@example.com,Business
e4fbd19e0fbb4169,user102@example.com,Business Plus
e1829c2eec4d467d,user103@example.com,Pro
884c2596fead4232,user104@example.com,Business
188ed300f5d7400d,user105@example.com,Pro
d23fbe63203842e0,user106@example.com,Business Plus
d76ac84db6384a24,user107@example.com,Business
74d88dcd7df34e27,user108@example.com,Pro
7a22cf63f2154a27,user109@example.com,Business
4c0ec6fa05c449c1,user110@example.com,Pro
9abdceb306f0475c,user111@example.com,Business Plus
0644fb0e97f24ff4,user112@example.com,Pro
fdfc28321d9a4af8,user113@example.com,Business
5e20f85d7f6f4a80,user114@example.com,Business Plus
38171a9ee9644539,user115@example.com,Pro
f807184bfe934b83,user116@example.com,Business
f2e3c59bfa394eed,user117@example.com,Pro
2fdf20b593794f18,user118@example.com,Business Plus
d96a399914944a07,user119@example.com,Pro
a58c039ce37f46ef,user120@example.com,Business
a3c1ba143ab44b9a,user121@example.com,Pro
3b8bd520a42240b0,user122@example.com,Business Plus
3a2316a128bb453a,user123@example.com,Business
b002678e723d4647,user124@example.com,Pro
a1381d71c08d4921,user125@example.com,Business Plus
077cbe0e667f4ee4,user126@example.com,Pro
ba66080fb44b4a70,user127@example.com,Business
271c809ba13f4f80,user128@example.com,Pro
62a9c7b31a214ed6,user129@example.com,Business Plus
f361a0beedcb41bf,user130@example.com,Pro
7aa598c61f204e87,user131@example.com,Business
f58187c4ea6d4519,user132@example.com,Pro
11dabe6ae57e4304,user133@example.com,Business Plus
17793a6f4b80480d,user134@example.com,Pro
3f708753266e406a,user135@example.com,Business
95d5925476894be8,user136@example.com,Pro
a511c3ef7c1a497b,user137@example.com,Business Plus
c8ed96ff787b4101,user138@example.com,Business
c6fe71e74c324c18,user139@example.com,Pro
06d3b6d973c6420f,user140@example.com,Business Plus
592710dc40ae4194,user141@example.com,Pro
bf5c2a2f912849d3,user142@example.com,Business
3782d9681c674264,user143@example.com,Pro
2815eea8e05d4e9a,user144@example.com,Business Plus
b6a2e78e3b72452e,user145@example.com,Pro
24708195ce384b59,user146@example.com,Business
852bd76eda794d64,user147@example.com,Pro
0eb2151bfa1445de,user148@example.com,Business Plus
d0bb7296fc714f3a,user149@example.com,Pro
cbe9b46e8cb54f65,user150@example.com,Business
2e5d8c253c6b4aaa,user151@example.com,Business Plus
3dbf359735fd4541,user152@example.com,Pro
69eac962c444437e,user153@example.com,Business
3aeabc0458394793,user154@example.com,Pro
b583173e9c6b4738,user155@example.com,Business Plus
9cac3a0862a74989,user156@example.com,Business
aaee7922a48f4e1a,user157@example.com,Pro
068b9fa8049f4fd7,user158@example.com,Business Plus
3abbf15597f343d1,user159@example.com,Pro
b31e768c482547ba,user160@example.com,Business
708756e304b04771,user161@example.com,Pro
7b6104ab664c4bfd,user162@example.com,Business Plus
a1f5167007704139,user163@example.com,Pro
1a4fe317d28e4bfd,user164@example.com,Business
0aec6f1f885a4e1a,user165@example.com,Pro
76d70d68bfe04c72,user166@example.com,Business Plus
48495c9da7f448f0,user167@example.com,Business
9d36ff58bd4d4eaa,user168@example.com,Pro
0d5ddd5838614682,user169@example.com,Business Plus
d6f4d3046bf84627,user170@example.com,Pro
dff06e540d30484d,user171@example.com,Business
b2ae1bf291b44b6d,user172@example.com,Pro
2a57df0a0a864fba,user173@example.com,Business Plus
97881592d17b4b2e,user174@example.com,Pro
a7aef32e5d9a49b4,user175@example.com,Business
59ff52d4a24e4b86,user176@example.com,Pro
a4a6ea3a2cdd49d9,user177@example.com,Business Plus
7af3798436494e9b,user178@example.com,Business
39ee46bfdb0241d8,user179@example.com,Pro
c2502ed77dcd4b27,user180@example.com,Business Plus
798aa787b1c44d6a,user181@example.com,Pro
4b0bed2795b54de0,user182@example.com,Business
3f9e4deb6cca4184,user183@example.com,Business Plus
d2ff258a0326453d,user184@example.com,Pro
0386e6ee606a4b8f,user185@example.com,Business
aa23754983d44698,user186@example.com,Pro
4cc8c8fdb27c406c,user187@example.com,Business Plus
514af2ac6bef4a79,user188@example.com,Business
1b72ab1081b9402b,user189@example.com,Pro
b067b5932a2d4f99,user190@example.com,Business Plus
87b480ef31304394,user191@example.com,Pro
9dd56ce0df754da4,user192@example.com,Business
79ef9da0079c4283,user193@example.com,Pro
69924eaefd604b93,user194@example.com,Business Plus
380001f30e684b11,user195@example.com,Business
67b575c12a3d431d,user196@example.com,Pro
3c8ec4c933814e8d,user197@example.com,Business Plus
2f4213a217cc49b7,user198@example.com,Business
691a854b69f2495e,user199@example.com,Pro
7f28835cc3144a49,user200@example.com,Pro
322dc73c914e49ff,user201@example.com,Business Plus
91a30ce9b65d4af2,user202@example.com,Pro
ff6383e47b4946ff,user203@example.com,Business
9c5296f3c6584b3f,user204@example.com,Pro
8addae289b394303,user205@example.com,Business Plus
17736f7f67e043e7,user206@example.com,Pro
af87b4fd7b0e4d0d,user207@example.com,Business
5e2be760834c4d93,user208@example.com,Business Plus
7149f1d5af584cee,user209@example.com,Pro
1b8716ca57d34f6c,user210@example.com,Business
7614b253d28b46b1,user211@example.com,Pro
0a69817531164adb,user212@example.com,Business Plus
14f12b687b6f423d,user213@example.com,Pro
479f45aa1228487b,user214@example.com,Business
f70f2f47bb1b4b70,user215@example.com,Pro
97fd353c206e4a81,user216@example.com,Business Plus
92e9928826d94496,user217@example.com,Pro
c7973b8bb0b84c9d,user218@example.com,Business
43b5485cdab14247,user219@example.com,Pro
1e24d29a8d514ec6,user220@example.com,Business Plus
6b85e81f4ff24f18,user221@example.com,Pro
e9acba2ff5c74e56,user222@example.com,Business
2442bc5b1a114c82,user223@example.com,Pro
c014ba740d9c4eb9,user224@example.com,Business Plus
fa84f7826f2444ad,user225@example.com,Pro
c9040ff9cdb8444e,user226@example.com,Business
18e39571e87945f3,user227@example.com,Pro
1c1433095b914bfc,user228@example.com,Business Plus
44e9fc864c084b5b,user229@example.com,Pro
a90c3e2168a943c5,user230@example.com,Business
9668ed50714645cc,user231@example.com,Pro
fc8a5d8921e94209,user232@example.com,Business Plus
4e74a84cb5ee4953,user233@example.com,Pro
999592b6f96a4573,user234@example.com,Business
db94a776bb084cb2,user235@example.com,Pro
23df5eabc8884b5d,user236@example.com,Business Plus
492d80aa77ee4409,user237@example.com,Pro
c1b3887871d44934,user238@example.com,Business
8df65c74b62542f9,user239@example.com,Pro
524de662bee74c4e,user240@example.com,Business Plus
d4d105be81784df8,user241@example.com,Pro
c61ca28f4f8e42bb,user242@example.com,Business
7124ed91f63340aa,user243@example.com,Pro
cd29af60d59241a7,user244@example.com,Business Plus
3088a2f9f21c4098,user245@example.com,Pro
9986238e94504164,user246@example.com,Business
4fcaa3213e2a48b8,user247@example.com,Pro
68c7c820601f4a8f,user248@example.com,Business Plus
749dec6479ae47ae,user249@example.com,Pro
2aaab662212146cd,user250@example.com,Business
41682a1bd89648ec,user251@example.com,Pro
9179a887e9b74a37,user252@example.com,Business Plus
2d6ca0d108484625,user253@example.com,Pro
c2ff47450d0d45b6,user254@example.com,Business
bd0fa81a023a4938,user255@example.com,Pro
f79b9882e6484409,user256@example.com,Business Plus
f79be63b3eb04918,user257@example.com,Pro
04078c62a2c14c00,user258@example.com,Business
361092d9d5704b76,user259@example.com,Pro
27a3a5a4415b4755,user260@example.com,Business Plus
813fa3adb4d44002,user261@example.com,Pro
e542c1e587704320,user262@example.com,Business
3f660c0ac007410b,user263@example.com,Pro
ffe99bb178184927,user264@example.com,Business Plus
9939bc44a23447a9,user265@example.com,Pro
5944a3db61a34c71,user266@example.com,Business
2d602f567f894b60,user267@example.com,Pro
55d534b264b141bf,user268@example.com,Business Plus
29e326fb4653445d,user269@example.com,Pro
5e394dc386894c87,user270@example.com,Business
90e33c23540c40a3,user271@example.com,Pro
2424529ba35f4a4e,user272@example.com,Business Plus
3cc9d717d40b485f,user273@example.com,Pro
1e0beebe4c0449f7,user274@example.com,Business
589e544ddeed4f4c,user275@example.com,Pro
a5833cf5250943bc,user276@example.com,Business Plus
f20691eeeafd44e6,user277@example.com,Pro
f6fc380dac5f43e8,user278@example.com,Business
002da3ddd51046d7,user279@example.com,Pro
3c55986bf37843ae,user280@example.com,Business Plus
d06fdc0f24bc46d5,user281@example.com,Pro
a581716a312e42f0,user282@example.com,Business
369da2ca892140b2,user283@example.com,Pro
9630e96aa57a466a,user284@example.com,Business Plus
c8c8542497364374,user285@example.com,Pro
a05be693c00f4881,user286@example.com,Business
31871589386c40b2,user287@example.com,Pro
5eb1b4ea71d84b54,user288@example.com,Business Plus
7941894b6c7340a8,user289@example.com,Pro
1e30e6ad288e4344,user290@example.com,Business
be9097f983c946cb,user291@example.com,Pro
157a94da8a6344cc,user292@example.com,Business Plus
4ea23852002941ec,user293@example.com,Pro
ef2ac8be3b8142cb,user294@example.com,Business
1e3eec1b90e64a3a,user295@example.com,Pro
5119c46281454903,user296@example.com,Business Plus
5e852a7f27894ced,user297@example.com,Pro
8b5e30d85e8c49d2,user298@example.com,Business
10568fe187884288,user299@example.com,Pro
b53a80506b8b4df4,user300@example.com,Pro
7c1760cd657f4daf,user301@example.com,Pro
31d15b9c3c474033,user302@example.com,Pro
774a24a2f74b4869,user303@example.com,Pro
5bd33860cec24f92,user304@example.com,Business
eb78e018ff554b3f,user305@example.com,Business
9352dc53fae149b5,user306@example.com,Business
d273a85cdfef4947,user307@example.com,Business Plus
d3a59580b38d4af4,user308@example.com,Pro
ce645fe246ad4977,user309@example.com,Pro
557992ee461b45fc,user310@example.com,Pro
a3345c5c8dc04a23,user311@example.com,Business
1472d371a611474a,user312@example.com,Business
f8b578d066db4525,user313@example.com,Business Plus
4b0b93ed4bc24d9b,user314@example.com,Pro
fcb0751cdaf9443f,user315@example.com,Pro
4a688a95efd74b59,user316@example.com,Business
182a68bbec5a4774,user317@example.com,Pro
a8bbe8f4e31548ec,user318@example.com,Business
9cec16fd72ce4054,user319@example.com,Pro
736e3169532543ca,user320@example.com,Business
df13ca490cc34bb8,user321@example.com,Pro
c480c1d2667f44d4,user322@example.com,Business Plus
dc5bf8da900642a8,user323@example.com,Pro
c9fcc34ba48f4418,user324@example.com,Business
d110ce9aea8d4ca8,user325@example.com,Pro
87241688d2d14a45,user326@example.com,Business
12f9a49939234550,user327@example.com,Business Plus
41f1cd304d4b4f99,user328@example.com,Pro
c46a52dd21a94eaf,user329@example.com,Business
797aade0da914eab,user330@example.com,Pro
0c233d5f20d14756,user331@example.com,Business
5a31a634074c4e0e,user332@example.com,Pro
79504ed778c5465e,user333@example.com,Business
0a3a62351dab4d3f,user334@example.com,Business Plus
dcceec9db8d34240,user335@example.com,Pro
190678d1c9744bdc,user336@example.com,Business
b76a5c6603ee45e7,user337@example.com,Pro
610210d202274114,user338@example.com,Business
a1de39460eda4fe9,user339@example.com,Business Plus
cb764b71addb4a64,user340@example.com,Pro
f335db79793a41ed,user341@example.com,Business
592234e8ce6b439b,user342@example.com,Pro
6f0a4a3287f74ba0,user343@example.com,Business
bbb487f02c7f4bfc,user344@example.com,Business Plus
bb10b56eeab145ea,user345@example.com,Pro
93e56cf6ba1b4f9f,user346@example.com,Business
51aa5379fa6c4d4f,user347@example.com,Pro
c07b3c587b6d4826,user348@example.com,Business
02b01ad2484042d2,user349@example.com,Business Plus
3d44c286f98f4f4b,user350@example.com,Pro
21d413c721184008,user351@example.com,Business
c4816892e4d94b34,user352@example.com,Pro
29ee1dd83be2487e,user353@example.com,Business
656325da3cd74888,user354@example.com,Business Plus
232e5a1f67a043c4,user355@example.com,Pro
eb37902257434e95,user356@example.com,Business
aa3573092c9b4025,user357@example.com,Pro
abb9291c88784bae,user358@example.com,Business
511319a38fe74014,user359@example.com,Business Plus
571e0985736c4608,user360@example.com,Pro
cce641272994403b,user361@example.com,Business
d8987b634cf0489f,user362@example.com,Pro
af2398f85bfc480e,user363@example.com,Business
1c4afdffc5854510,user364@example.com,Business Plus
cba694e193a1497d,user365@example.com,Pro
5d8f7b2292e342bd,user366@example.com,Business
7504fd43c57547e8,user367@example.com,Pro
83aa547e5bfb4436,user368@example.com,Business
f7474791990b45fe,user369@example.com,Business Plus
d11089a63a084f26,user370@example.com,Pro
2861a15f87ed42b9,user371@example.com,Business
154fa830484f482a,user372@example.com,Pro
bfbe407a6b6843ee,user373@example.com,Business
9335f70126614bf5,user374@example.com,Business Plus
671e093fb29a403f,user375@example.com,Pro
3a473aa5a9194ff1,user376@example.com,Business
3fd976e367a64f2d,user377@example.com,Pro
d0db1451c44e4584,user378@example.com,Business
7240fedc7e2f4d34,user379@example.com,Business Plus
0f7eee987d744399,user380@example.com,Pro
1b7fe384160244bb,user381@example.com,Business
f2dcef0f111e4869,user382@example.com,Pro
1b1879a733c047ec,user383@example.com,Business
5afa3e57aaab4b4a,user384@example.com,Business Plus
9c5babd2f5e94dc4,user385@example.com,Pro
4aeb46ed77ac40fb,user386@example.com,Business
1889994912794f05,user387@example.com,Pro
fe041d05a7cc4260,user388@example.com,Business
ebb23f3fee624f34,user389@example.com,Business Plus
8598078c8db1425d,user390@example.com,Pro
3e58b82ea8b34eb0,user391@example.com,Business
477da8c9d32048fc,user392@example.com,Pro
af0a7d52e92043f0,user393@example.com,Business
d0cdf55fdbfd4327,user394@example.com,Business Plus
088e0bf821674929,user395@example.com,Pro
f39f685a3c3147ff,user396@example.com,Business
f7ccfc3c99204131,user397@example.com,Pro
21a085bbaeda4a22,user398@example.com,Business
08d3cdb3203749f2,user399@example.com,Business Plus
d7c3d4a285cf4e62,user400@example.com,Pro
dcd1788c29f643a1,user401@example.com,Business
d1248a244c3f428e,user402@example.com,Business Plus
77b98f41d6df4822,user403@example.com,Business Plus
820ae3aa28124603,user404@example.com,Pro
e11c64c6fcb54a18,user405@example.com,Business
a6c3f14c5ec14a45,user406@example.com,Pro
1cd2e21da88b41e0,user407@example.com,Business
4f78c0d844554c5f,user408@example.com,Business Plus
ea55e100cbf9491e,user409@example.com,Pro
e1bab256b0d044f2,user410@example.com,Business Plus
29c15e711756448b,user411@example.com,Pro
dac606b58d7648bd,user412@example.com,Business
027d4b9bd8f7468c,user413@example.com,Business Plus
1ea5d70048c3412e,user414@example.com,Business
1602b6daa75c4985,user415@example.com,Business Plus
367e414fc54d4604,user416@example.com,Pro
bc62ce1f174349ec,user417@example.com,Business
7f4c2f8a939c45a6,user418@example.com,Pro
4d68a636aea64fa6,user419@example.com,Business Plus
68222e92eec146c6,user420@example.com,Pro
4c21d5ae118343cc,user421@example.com,Business
e55884fcc9e3444a,user422@example.com,Business Plus
593020caf48841af,user423@example.com,Pro
f2c28da4aebf4c3e,user424@example.com,Business Plus
c9671c535d3e41bd,user425@example.com,Business
233c3bfb54994ad0,user426@example.com,Business Plus
ddbb8c7a260d4e3d,user427@example.com,Business
b4f715b50e1c4996,user428@example.com,Business Plus
d3c11cc01763483a,user429@example.com,Pro
af1119e5d06f4bd6,user430@example.com,Business
96564a72078c4298,user431@example.com,Pro
1814cea7b23a41c2,user432@example.com,Business Plus
fa762ded844c472b,user433@example.com,Business
f14c0fa8002e4bfb,user434@example.com,Pro
93584b0ad0be4c03,user435@example.com,Business Plus
826d8659f5dc4984,user436@example.com,Business
bd3d65bff738445a,user437@example.com,Pro
8d59414a91bb4848,user438@example.com,Business Plus
cbd30299e95a4316,user439@example.com,Business
c7a5bdf14ac74d8c,user440@example.com,Pro
7c12971f86544786,user441@example.com,Business Plus
dc679c8267564adf,user442@example.com,Business
5174587a9287407d,user443@example.com,Pro
3e43716222944633,user444@example.com,Business Plus
9e4bad75376447bd,user445@example.com,Business
d65674f46d3e455c,user446@example.com,Pro
b9d62019eebf447d,user447@example.com,Business Plus
c0b2f86d00ec4d67,user448@example.com,Business
ceb64496e35d4c7f,user449@example.com,Pro
6689f4ce8a874fd5,user450@example.com,Pro
84b8fb22403b45e4,user451@example.com,Business
51cbf17f6bb54da7,user452@example.com,Business Plus
fb142bb1308a4ae6,user453@example.com,Business
67f84f10cc5e4e07,user454@example.com,Pro
1159de4d25954212,user455@example.com,Business Plus
cc6a9623973644f2,user456@example.com,Business
d561bda1ea014d94,user457@example.com,Business Plus
80caaf57aa404742,user458@example.com,Pro
6bd0d2ec49414082,user459@example.com,Business
f4e753fbfb9e4ff1,user460@example.com,Business Plus
44f85cd41a5c4bb8,user461@example.com,Pro
2df33fe1966a41f6,user462@example.com,Business
099d6bb5a1884c6c,user463@example.com,Business Plus
01cdc9211f74404e,user464@example.com,Business
0d9931ae61904cee,user465@example.com,Pro
638445ae7e364356,user466@example.com,Business Plus
0b1a59ab92424aa9,user467@example.com,Business
8a48a667b6a84769,user468@example.com,Pro
3d3f6fe55e0e4ef1,user469@example.com,Business
f1722b1a2bea4b6f,user470@example.com,Business Plus
73c1497057484414,user471@example.com,Pro
fd75c85d5cc04c2a,user472@example.com,Business
7c45f017c9d04357,user473@example.com,Business Plus
c00d4e3a8b5c4cc3,user474@example.com,Pro
b9ce5586e1194b54,user475@example.com,Business
be1836c013154d19,user476@example.com,Business Plus
b32cc0136b3e4ea8,user477@example.com,Pro
94b282904f734a2b,user478@example.com,Business
8426a2a4b6944c87,user479@example.com,Business Plus
2cab476455fd4709,user480@example.com,Pro
bf0209ac119d443e,user481@example.com,Business
f3f044fa043b4012,user482@example.com,Business Plus
6a5b12e714304a76,user483@example.com,Pro
44892509e5214721,user484@example.com,Business
1039e89d0d4c4857,user485@example.com,Business Plus
6123839744004080,user486@example.com,Pro
7a2c3cb741de44fa,user487@example.com,Business
4833103eac2b4f18,user488@example.com,Business Plus
e850f74678284e71,user489@example.com,Pro
067645e662774b77,user490@example.com,Business
2e09543071044ccc,user491@example.com,Business Plus
b65cb15bc67348a3,user492@example.com,Pro
b63d53919703416c,user493@example.com,Business
f6f4a00a21fc4ade,user494@example.com,Business Plus
8248bd6d8a9d49c4,user495@example.com,Pro
194b83cb4e004b98,user496@example.com,Business
0ae1661415d84ccc,user497@example.com,Business Plus
f49e46528c1e46b2,user498@example.com,Business
83b4843a0e09483f,user499@example.com,Pro
8c8e5527214a49bf,user500@example.com,Business
fb540ec0398d4693,user501@example.com,Business Plus
e1ba5854de3c46df,user502@example.com,Business
d77569f8c7ea430f,user503@example.com,Pro
39ea678a6eec4782,user504@example.com,Business
c4004385b98e4f16,user505@example.com,Pro
fe4ceeded50b46c9,user506@example.com,Business Plus
9c94fd3b51b9411e,user507@example.com,Pro
548b72d8d57846c5,user508@example.com,Business
e1f477991a624fc4,user509@example.com,Pro
6b1c5eafb42341f3,user510@example.com,Business Plus
d60678f257e543c9,user511@example.com,Business
c4eb601e8ec64d64,user512@example.com,Business Plus
b61c13febc414b79,user513@example.com,Business
c87a475438ed45df,user514@example.com,Pro
04272c4c40c94173,user515@example.com,Pro
1954e5acb7004741,user516@example.com,Business Plus
b2eb8f8fe5d34653,user517@example.com,Business
53c9c9b5411c4b41,user518@example.com,Pro
b1f6803a4ac3490e,user519@example.com,Pro
e1343fa355634c23,user520@example.com,Business
167ecfd5ecb34f23,user521@example.com,Business Plus
9604c4bbdb1c450d,user522@example.com,Pro
bb7e43de3cf645ea,user523@example.com,Business Plus
501ca6f649cc43ba,user524@example.com,Business
9c02544318a44e33,user525@example.com,Business Plus
26173802a079443e,user526@example.com,Business
55f5ad90a2b64dd2,user527@example.com,Business
15d1291dcf3f463e,user528@example.com,Business Plus
6fab7a7c6628457d,user529@example.com,Business Plus
47e524dd45b14e8f,user530@example.com,Business
4f867d3718d846ae,user531@example.com,Business
8a9855bb30d84b88,user532@example.com,Pro
5158e4f53182470c,user533@example.com,Business
5b1387b0093c4949,user534@example.com,Business Plus
5d7c8d32e06c430e,user535@example.com,Business Plus
86efc8252d9249d0,user536@example.com,Business
ca7b30d98ad74731,user537@example.com,Pro
75b1aae8ec094c18,user538@example.com,Business
2e0091e0b3ab4685,user539@example.com,Business Plus
6c5966c098684281,user540@example.com,Business
5ff02cb2523346a6,user541@example.com,Pro
9d45503d7766429f,user542@example.com,Business Plus
0d27d8e7b2ec4a08,user543@example.com,Business
02cad056458a4817,user544@example.com,Pro
966eb4229218467b,user545@example.com,Pro
d3fdc98a36044efe,user546@example.com,Business Plus
d1dca4bfb45344bd,user547@example.com,Business Plus
e0a067e9eb3e4559,user548@example.com,Business
6ce547aaa0ea4467,user549@example.com,Business
e409788f4aa64245,user550@example.com,Pro
a150a0d06a9f45ef,user551@example.com,Business
c94c4925d6884a5f,user552@example.com,Business Plus
73ef4ea1b2ca4366,user553@example.com,Business
a473796e8f73426f,user554@example.com,Business Plus
446f501303f94c25,user555@example.com,Business
8a5800ed0e3245b1,user556@example.com,Business
e1ba1324818e4b86,user557@example.com,Business Plus
5d51b80f39604026,user558@example.com,Business
9332925266d347b4,user559@example.com,Business Plus
5480a3bd43c84924,user560@example.com,Business
8abfe5a8054e4574,user561@example.com,Business
541096052acb4ae7,user562@example.com,Business Plus
c8c36d63d8fb4512,user563@example.com,Pro
d9136ef1d9b3443e,user564@example.com,Business
caaf0734507b43a4,user565@example.com,Pro
427c3a02ea2a4bef,user566@example.com,Business Plus
8eea97eaceb34dd0,user567@example.com,Business
e7fd39d3b84944e5,user568@example.com,Business Plus
1fadaa4886504d40,user569@example.com,Business
290769d81ff14658,user570@example.com,Business
845e7b8de4c24f42,user571@example.com,Business Plus
6458488244f34f37,user572@example.com,Business
0016a03ffe3648dc,user573@example.com,Pro
4d62d1d867e84474,user574@example.com,Business
3aaa969d3f43464b,user575@example.com,Business Plus
fb2f58d3ddb34a85,user576@example.com,Pro
96f8ece109fe472a,user577@example.com,Business Plus
80cdc9dc0238484d,user578@example.com,Business
a788c9cb622d4604,user579@example.com,Business Plus
f49e6ac42a6a42c5,user580@example.com,Business
dce154cf08054d35,user581@example.com,Business Plus
80714ca8f00d4568,user582@example.com,Business
0084c257e2244242,user583@example.com,Business Plus
5656850c21614ee0,user584@example.com,Business
b96efbdb15ca45a7,user585@example.com,Business
dc9b6b3f890a46e4,user586@example.com,Business Plus
be8ae95c573143b8,user587@example.com,Business
c78227c8467f485b,user588@example.com,Business Plus
47d64195d803452d,user589@example.com,Pro
e3c0324a2a2c4097,user590@example.com,Business
890b0943005c4eb6,user591@example.com,Pro
3bb8cedf63604a8a,user592@example.com,Business Plus
7fe98a23bc49417f,user593@example.com,Business
c09f6050f4c54665,user594@example.com,Business Plus
4c7c04de07454c50,user595@example.com,Business
a7d035ad1d3240a4,user596@example.com,Pro
0a706c70cbd84850,user597@example.com,Business
d424ada9eeef4845,user598@example.com,Business Plus
8aa7f0526d0340c8,user599@example.com,Pro
5a3094bb26264f96,user600@example.com,Business
1c33a97148344196,user601@example.com,Pro
49155a4aceb64ed4,user602@example.com,Business Plus
9e6a0065d84244ec,user603@example.com,Business
02c302166e824dcf,user604@example.com,Business Plus
0af0ded55ad0479f,user605@example.com,Business
3263d15687bc4773,user606@example.com,Business Plus
417402ca130f4348,user607@example.com,Business
02b042f70b3145b1,user608@example.com,Business Plus
14cca7e2336d4fb6,user609@example.com,Business
2dbfa7ed1138483b,user610@example.com,Business Plus
a7724d0f761a41ee,user611@example.com,Business
402f4149e5f04ea2,user612@example.com,Business Plus
752916e9c7984b81,user613@example.com,Business
88ffc0de1d6b48fd,user614@example.com,Pro
972846451aeb4773,user615@example.com,Business
f01a3aa5e32d41c9,user616@example.com,Business Plus
d7a43c05b1b14370,user617@example.com,Business
d6d194d9d24847cb,user618@example.com,Pro
6f1eddaa556b4cbe,user619@example.com,Business Plus
04efc041a2e24445,user620@example.com,Business
c067796c49094692,user621@example.com,Pro
26efc50c502e4ecf,user622@example.com,Business
9417600b3dd549e6,user623@example.com,Business Plus
166594bb1df6463d,user624@example.com,Business
e5c92552eee34525,user625@example.com,Business Plus
cf77dfbe96514803,user626@example.com,Pro
1baec6507670461a,user627@example.com,Business
18163193cb84492b,user628@example.com,Business Plus
b7c2ef3b09ce4a82,user629@example.com,Business
a4d20d5f3b9c4597,user630@example.com,Business Plus
ae993147f6fa4153,user631@example.com,Business Plus
0d2b30ef1d264865,user632@example.com,Business
3caf31892a474a5a,user633@example.com,Business Plus
e6dc6dd9caba4383,user634@example.com,Business
921f9e17525940af,user635@example.com,Business Plus
374b6436175b49ca,user636@example.com,Business
b6b1a1be5a2e4f14,user637@example.com,Business Plus
42788abaccad4fbd,user638@example.com,Business
f548a70ab9ad4870,user639@example.com,Pro
ff565c57549b4e73,user640@example.com,Business
ca187852d91943fa,user641@example.com,Pro
2d221a2870d64065,user642@example.com,Business Plus
e1dc8f4bc4cd40fd,user643@example.com,Business
678a691199fc4d74,user644@example.com,Business
5ffb39e439ab481b,user645@example.com,Pro
471dc0d57f5547b4,user646@example.com,Business Plus
4ce7c68d8dda4454,user647@example.com,Business
584c54b728724b2e,user648@example.com,Pro
8ee05c9626754991,user649@example.com,Business Plus
b805c9e679c04e07,user650@example.com,Business
88d66d33b50b4bbf,user651@example.com,Pro
900bbd61fa7c4f19,user652@example.com,Business Plus
8e82e1d0feec4859,user653@example.com,Business
e09c34953ab84e03,user654@example.com,Pro
dc0ba46875464929,user655@example.com,Business
0753f7b578634d26,user656@example.com,Business Plus
ae7ab7d4bd4a4a13,user657@example.com,Pro
7b0b96ae3d8b40e6,user658@example.com,Business
691a6bc5a89a4cd3,user659@example.com,Business Plus
a8c2ede8f2fd49a2,user660@example.com,Pro
c11b7bf502994384,user661@example.com,Business
36984383f546406c,user662@example.com,Business Plus
b07374c4d69f4d97,user663@example.com,Pro
7264d4f56e4e4414,user664@example.com,Business
6d92ba6fdf1947ad,user665@example.com,Business Plus
9abdbef88bd542b7,user666@example.com,Pro
9990e705c25044a6,user667@example.com,Business
b555fd0b0b744203,user668@example.com,Business Plus
39b85e29918645de,user669@example.com,Pro
b7cd160f4f0c4793,user670@example.com,Business
9698f49beba14f3a,user671@example.com,Business Plus
e36ce9e4290a4292,user672@example.com,Pro
00060c32e5c649bc,user673@example.com,Business
727fc86972af45ce,user674@example.com,Business Plus
5e4cb06a507d4131,user675@example.com,Pro
abcb0e8c0056406f,user676@example.com,Business
f616b01e6df649f3,user677@example.com,Business Plus
ecfcfa01a8f046d3,user678@example.com,Pro
031d4d30bfbd4002,user679@example.com,Business
a82fb0a230714ff7,user680@example.com,Business Plus
3c1c8dc8bc58480c,user681@example.com,Pro
183a199c77de4e7f,user682@example.com,Business
39f1b9edd9cd4ee1,user683@example.com,Business Plus
6995f5d6d0254655,user684@example.com,Pro
a2676e7e32314818,user685@example.com,Business
bf25d927d2c64397,user686@example.com,Business Plus
3312169b87ba483d,user687@example.com,Pro
5f6a693599fa44d4,user688@example.com,Business
f59d9139245e41f4,user689@example.com,Business Plus
5a0b4131595e4d06,user690@example.com,Pro
e0be1aefcf8b4a1a,user691@example.com,Business
dab342114cba4a71,user692@example.com,Business Plus
a7183c887b01408e,user693@example.com,Pro
693d7f8d6f1e48ae,user694@example.com,Business
d30c66b7de13446e,user695@example.com,Business Plus
9d1ecdbdce7541ad,user696@example.com,Pro
78652acc0a984899,user697@example.com,Business
f84d15cc360e4d6f,user698@example.com,Business Plus
c85407e62c8a4012,user699@example.com,Pro
8add4457e74b47a0,user700@example.com,Business
d4c1520627e847be,user701@example.com,Business Plus
5fd84af9653c4ed3,user702@example.com,Pro
934fa1ae97064aa9,user703@example.com,Business
df801b7f36194a69,user704@example.com,Business Plus
4f52884f306a492f,user705@example.com,Pro
ac2bd7b5c28748b0,user706@example.com,Business
4632d865011c4f08,user707@example.com,Business Plus
2a3b9709b6474f63,user708@example.com,Pro
df23f2dfac2546e9,user709@example.com,Business
91ec63c646bf4f7e,user710@example.com,Business Plus
2bcd394d0bf74467,user711@example.com,Pro
38d845eb40e948a6,user712@example.com,Business
443118c51afa4580,user713@example.com,Business Plus
5a7785ffc4e04ddd,user714@example.com,Pro
1cde38de723b4d09,user715@example.com,Business
82d4a06b290a4367,user716@example.com,Business Plus
d205eb26431848a2,user717@example.com,Pro
efc1676982b44776,user718@example.com,Business
bf16ca0f20ef4610,user719@example.com,Business Plus
894dbf2639b54c42,user720@example.com,Pro
8690a19ec94f4ccd,user721@example.com,Business
faf155d1df824bb0,user722@example.com,Business Plus
89ed054d033f4536,user723@example.com,Pro
d76abe20e65c4ea6,user724@example.com,Business
d68752a42caf4835,user725@example.com,Business Plus
c30df4d570e94f76,user726@example.com,Pro
f18130cf82374bb2,user727@example.com,Business
f19ca1ac7f014391,user728@example.com,Business Plus
6aeb1be277854f95,user729@example.com,Pro
399507043c25467d,user730@example.com,Business
3970963bc6d74cca,user731@example.com,Business Plus
be5d7beb0ed64656,user732@example.com,Pro
7b9f2c3b4c2c4fa8,user733@example.com,Business
c33e029c980b4270,user734@example.com,Business Plus
24e06c4c2607410b,user735@example.com,Pro
eec0cc2f00f3488d,user736@example.com,Business
9a4dc335a85e447d,user737@example.com,Business Plus
4065978190d84650,user738@example.com,Pro
3cb72c543ab24d00,user739@example.com,Business
51932e1f7c294074,user740@example.com,Business Plus
1071e744b79a4cb0,user741@example.com,Pro
260cdaf3b77c4440,user742@example.com,Business
bb6cdd019c744c68,user743@example.com,Business Plus
90a25418a6f34add,user744@example.com,Pro
064c5b114e2a4b71,user745@example.com,Business
fb59f28f4b2d4625,user746@example.com,Pro
1e6399f6e5044010,user747@example.com,Business Plus
09e9e6cec2744f92,user748@example.com,Pro
9d7b91836d674549,user749@example.com,Business
409e6460d21c4906,user750@example.com,Business Plus
9459db2b9e5f41a9,user751@example.com,Pro
e397eb0f74f84210,user752@example.com,Business
d68432a6d4a045d7,user753@example.com,Pro
3490a3aff94e4aad,user754@example.com,Business Plus
bb11d6b09c9741e4,user755@example.com,Pro
2ac461fc86f24789,user756@example.com,Business
0958ac5c114b4452,user757@example.com,Pro
9d4bf0fa4e6e40d5,user758@example.com,Business
463e83224a5a461d,user759@example.com,Pro
88f790b108d04941,user760@example.com,Business Plus
ec141ca1daa3413f,user761@example.com,Pro
199213431a70441e,user762@example.com,Business
bdad74b1865c4987,user763@example.com,Pro
8f1da02c05fb42ba,user764@example.com,Business Plus
9ccdda9e79a0428d,user765@example.com,Pro
bfa8fb60ffc6419c,user766@example.com,Business
f0bf0e189373493c,user767@example.com,Pro
396807abb58b419a,user768@example.com,Business Plus
ede2c139664b4fbd,user769@example.com,Pro
0226467fa7cb44b7,user770@example.com,Business
e075544d9cf54a8c,user771@example.com,Pro
f626843b09424cc8,user772@example.com,Business Plus
8330089a38cc44dc,user773@example.com,Pro
b1b16afaf4fc4169,user774@example.com,Business
4da2cfc803344680,user775@example.com,Pro
f7ed903f421a4d52,user776@example.com,Business Plus
fb3317a38fb14c30,user777@example.com,Pro
63abbcc856624f94,user778@example.com,Business
7090645c14ae4d36,user779@example.com,Pro
7013037efa8949eb,user780@example.com,Business Plus
5d5a2e06482543ec,user781@example.com,Pro
238d42fbd48a46f5,user782@example.com,Business
52168db124f347d7,user783@example.com,Pro
50d476ff48ee4689,user784@example.com,Business Plus
bde0075500a24fde,user785@example.com,Pro
cab7fe41c77a4ea6,user786@example.com,Business
8b98cd6e49b44c2e,user787@example.com,Pro
dd902696108f40c6,user788@example.com,Business Plus
a1e1580e7dca4949,user789@example.com,Pro
cd9b119091374824,user790@example.com,Business
7357875800c64f67,user791@example.com,Pro
c3df7f92a6634e98,user792@example.com,Business Plus
d83acd6fb5af455d,user793@example.com,Pro
973812ba6a724177,user794@example.com,Business
d50d89189edd4e19,user795@example.com,Pro
c11d1f40d70e4f8a,user796@example.com,Business Plus
f5cb837ade1c4195,user797@example.com,Pro
c93b116205794b9e,user798@example.com,Business
0ed709f754bd434b,user799@example.com,Pro
f0505de7c6ba458c,user800@example.com,Business Plus
b0da3863e1bf4897,user801@example.com,Pro
a60a7a4923b84bf4,user802@example.com,Business
1bd0034cf6d34932,user803@example.com,Pro
7a3f35b06f794f05,user804@example.com,Business Plus
02573017dfd34921,user805@example.com,Pro
34ebf813d72f4e40,user806@example.com,Business
d33f37f02f324e5d,user807@example.com,Pro
88e2912a1e6543cb,user808@example.com,Business Plus
e37fcff0ea3c4340,user809@example.com,Pro
5f941e945c7a490a,user810@example.com,Business
1ab6c76e56f64d9e,user811@example.com,Pro
8bb23414d26c4eb4,user812@example.com,Business Plus
7d9f9bdc81f94ec6,user813@example.com,Pro
9d95bf6172aa4b5b,user814@example.com,Business
c2210092a0ea429c,user815@example.com,Pro
6043f67de95a404b,user816@example.com,Business Plus
14c1f99fc4a84667,user817@example.com,Pro
7707c084e5e74aea,user818@example.com,Business
7589d66153754ecb,user819@example.com,Pro
b7f167d16ec74495,user820@example.com,Business Plus
bad1beafec884816,user821@example.com,Pro
95a53b648af149f6,user822@example.com,Business
98a76495fac0437a,user823@example.com,Pro
993106832d7c44a0,user824@example.com,Business Plus
7728b457666b4547,user825@example.com,Pro
d9e2ec49ac414b8b,user826@example.com,Business
11148a2d04584fc9,user827@example.com,Pro
06962c414c9a4eef,user828@example.com,Business Plus
ad7a776e7e08422c,user829@example.com,Pro
ceeb302110b044da,user830@example.com,Business
592126889e2c494c,user831@example.com,Pro
bd092b2ef972424e,user832@example.com,Business Plus
904e2d9256a048ef,user833@example.com,Pro
a627c76ca75c4b97,user834@example.com,Business
1fd1e301353d47f9,user835@example.com,Pro
36ee682b83184a67,user836@example.com,Business Plus
07e58a5e172a43fc,user837@example.com,Pro
8906925b8dc2496a,user838@example.com,Business
7abb25b794f14884,user839@example.com,Pro
ebf018fb41dc4358,user840@example.com,Business Plus
9b2b441f3adc4b37,user841@example.com,Pro
e12e64d0892f49a8,user842@example.com,Business
6a471358a2d24393,user843@example.com,Pro
86079be190d24d26,user844@example.com,Business Plus
6017c7d27e3a4bb1,user845@example.com,Pro
5514059b878940ba,user846@example.com,Business
1e78a16bb22c4e55,user847@example.com,Pro
bcf6f0f0ca7d46f5,user848@example.com,Business Plus
712489477990495f,user849@example.com,Pro
81d36339e5d84717,user850@example.com,Business
5319af0acdb74973,user851@example.com,Pro
1df04e499dc245fc,user852@example.com,Business Plus
7af67d6dfdee42b6,user853@example.com,Pro
05928adfbc754da5,user854@example.com,Business
d1d1ac08ff894da0,user855@example.com,Pro
dc27f893aa1b4de0,user856@example.com,Business Plus
48b2390430a14378,user857@example.com,Pro
26a3af02ec17485b,user858@example.com,Business
9e7e6a7f66a148ba,user859@example.com,Pro
67a535d427d440e8,user860@example.com,Business Plus
696577d8296944dc,user861@example.com,Pro
372863ce9d764d07,user862@example.com,Business
1ae3f51b0bcc4d2b,user863@example.com,Pro
71d804738c39487e,user864@example.com,Business Plus
0eb941653f234eaf,user865@example.com,Pro
df7e32a1bc504a1e,user866@example.com,Business
e8af6339e5d248dc,user867@example.com,Pro
656a0766ce074e9c,user868@example.com,Business Plus
f4cc17a3fb804dbb,user869@example.com,Pro
d710bd45273b4db8,user870@example.com,Business
f4926c53e8f74eb2,user871@example.com,Pro
9283d1e74c8d4e79,user872@example.com,Business Plus
12e2bf1e79ed4a10,user873@example.com,Pro
65afbdfb39b840dc,user874@example.com,Business
54c0eef5f5574611,user875@example.com,Pro
0b2459da5efc4d0a,user876@example.com,Business Plus
4a0ddc3946494076,user877@example.com,Pro
472d7634a7904337,user878@example.com,Business
337e8cd0cef142b8,user879@example.com,Pro
6c466fe40ab942f3,user880@example.com,Business Plus
3848b9d157fb4288,user881@example.com,Pro
9e5753caa5ad4599,user882@example.com,Business
14cc57bb0b364be3,user883@example.com,Pro
4872850694cb487a,user884@example.com,Business Plus
b83713680a0a4728,user885@example.com,Pro
3fa629774f904fb9,user886@example.com,Business
fff2b61689764e78,user887@example.com,Pro
494441df214a4f1f,user888@example.com,Business Plus
d4d25130e9d84588,user889@example.com,Pro
aafbd179922248a7,user890@example.com,Business
b78a795a7a2649a7,user891@example.com,Pro
c6356fefa210421f,user892@example.com,Business Plus
fba1dc21212a4065,user893@example.com,Pro
53eaacb7a5ff44d5,user894@example.com,Business
41158d3c64aa4244,user895@example.com,Pro
0d6ca7420db244b4,user896@example.com,Business Plus
ee30c7b8eee64545,user897@example.com,Pro
c735e77cfbfd4f7a,user898@example.com,Business
7e64e68d9981424e,user899@example.com,Pro
d6afc94d8e854d21,user900@example.com,Business Plus
9919752ba0ad4001,user901@example.com,Pro
d108942e20f944c8,user902@example.com,Business
720ef8fc1ebe4aee,user903@example.com,Pro
32142caed1cd4f41,user904@example.com,Business Plus
dc954f351b1344ba,user905@example.com,Pro
d92111bf9c5349b7,user906@example.com,Business
8812bac0f6834d09,user907@example.com,Pro
ce320d7b064e4bad,user908@example.com,Business Plus
3f0782c6713f4a4f,user909@example.com,Pro
1b975de1735545b5,user910@example.com,Business
9db4e58eb7a04659,user911@example.com,Pro
12031a5fbee84a2e,user912@example.com,Business Plus
2b1fbd3ea20147b7,user913@example.com,Pro
799e535f1888481f,user914@example.com,Business
1358093046ed442a,user915@example.com,Pro
60d9705e28c54ae4,user916@example.com,Business Plus
131508c161d34aa3,user917@example.com,Pro
dffa65ff71fc4601,user918@example.com,Business
46271e35d4224e7c,user919@example.com,Pro
e732d6966c014538,user920@example.com,Business Plus
a500498aa3994db7,user921@example.com,Pro
0262b65566654b38,user922@example.com,Business
f476ad657d4d4a73,user923@example.com,Pro
e81490365a9249d9,user924@example.com,Business Plus
07cf12ab030c4bb5,user925@example.com,Pro
83bae2dc281444fb,user926@example.com,Business
37cda3d8d1604bf5,user927@example.com,Pro
45a8b181c7d340fe,user928@example.com,Business Plus
57415a93d2ce48d8,user929@example.com,Pro
d1c83066d1b74aa4,user930@example.com,Business
c7e90819045c4639,user931@example.com,Pro
e1ad8aed4bba43a4,user932@example.com,Business Plus
a1af9c0f32714b19,user933@example.com,Pro
ca6f567c21e54b33,user934@example.com,Business
585b4007d7b14f83,user935@example.com,Pro
3c40c5ea2de04441,user936@example.com,Business Plus
f975daeed2af4f2c,user937@example.com,Pro
f1e734e11f88421b,user938@example.com,Business
0a1d0796a7914ba4,user939@example.com,Pro
28204e4118894105,user940@example.com,Business Plus
187f8c16a22c4e3c,user941@example.com,Pro
f9f0b14092fa4f28,user942@example.com,Business
7a65a0a1cf634f44,user943@example.com,Pro
96199452fb8c4667,user944@example.com,Business
96bc5bd999a848c6,user945@example.com,Business Plus
89afd4f06f9e4206,user946@example.com,Business
1633f4d136bc4a3f,user947@example.com,Pro
caa650dd7ec4415a,user948@example.com,Business
f9eda7e51b454074,user949@example.com,Business Plus
cc2919e5a4714882,user950@example.com,Business Plus
f6c199ee131c4b76,user951@example.com,Pro
7234b354d73a4baf,user952@example.com,Business
bb7cab43dc6a4c5f,user953@example.com,Business
38ddd1357038423b,user954@example.com,Pro
b9738725f6824607,user955@example.com,Business Plus
fe2cb15bdfd24253,user956@example.com,Business
f8c090de2e664466,user957@example.com,Business Plus
8526d22ceb4d483b,user958@example.com,Business
7ea4bebe213d4a5b,user959@example.com,Business Plus
943d991dc3854e9a,user960@example.com,Business
058c02c48d564bf9,user961@example.com,Pro
8dce74918ad641dd,user962@example.com,Business
2fa0e128df3545cb,user963@example.com,Business Plus
311797e851d54578,user964@example.com,Business
a05824a2c53a4d6d,user965@example.com,Business Plus
54f3d106fa844e9c,user966@example.com,Business
8f7b4b05f2cd4fa1,user967@example.com,Pro
92b1d89b93f74083,user968@example.com,Business
68be5c1ebb2d4974,user969@example.com,Pro
e19d82c1ff4b4de3,user970@example.com,Business
392cba7d383c4694,user971@example.com,Business Plus
3e76023175bb4bfe,user972@example.com,Business
688975b3c2e74c1e,user973@example.com,Business Plus
34c3ce3504b14176,user974@example.com,Pro
f2f5cbc0658243ae,user975@example.com,Business
ac885cdb92604f53,user976@example.com,Business Plus
2475195348674822,user977@example.com,Business
60828337054b4630,user978@example.com,Business Plus
d4a104d3a86f486e,user979@example.com,Business
ae546395f1504870,user980@example.com,Pro
8c30ab10953c4097,user981@example.com,Business Plus
abccd03aa55a4686,user982@example.com,Business
c5b12bb0822d4db0,user983@example.com,Pro
f3bcec46f0b747ce,user984@example.com,Business Plus
154e36250b284b5e,user985@example.com,Business
1db8e79752bf4273,user986@example.com,Pro
b4e1d085e1cb470b,user987@example.com,Business
6b1634210d614ab0,user988@example.com,Business Plus
19278d0632bd4b59,user989@example.com,Business
1c1c8e2d14c44bba,user990@example.com,Pro
9830b15195f144ed,user991@example.com,Business Plus
1061aa75262d4ae3,user992@example.com,Business
9e775d9dfa4e45cb,user993@example.com,Business Plus
026fe882bd184326,user994@example.com,Business
f60ebfacc92a4c42,user995@example.com,Business Plus
caea1d33a550495c,user996@example.com,Business
b9926bc3e2644202,user997@example.com,Business Plus
8b2d2834459b4eeb,user998@example.com,Business
64722001c3104526,user999@example.com,Pro
e3fc7a446cf647a1,user1000@example.com,Business
82daa7afb3634b70,user1001@example.com,Business Plus
44c0505df04b413a,user1002@example.com,Pro
f21dedab608349af,user1003@example.com,Business
e9e39c9cf54e4d40,user1004@example.com,Business Plus
4b22f599c6334115,user1005@example.com,Business
034b24261bee457a,user1006@example.com,Pro
58e4bd902ef24da5,user1007@example.com,Business Plus
8fb823b8cc0d4325,user1008@example.com,Business
79a379b256f64f8b,user1009@example.com,Pro
b4a6a01678e040fd,user1010@example.com,Business
fb757230800041f4,user1011@example.com,Business Plus
94089bd77c324d31,user1012@example.com,Business
5fbb732b37ce4722,user1013@example.com,Business Plus
29dd08492a5e4b2f,user1014@example.com,Pro
a7bb3743c6224416,user1015@example.com,Business
22fedddc93394d2b,user1016@example.com,Business Plus
4fe33bf3e1c0479f,user1017@example.com,Business
2b44a00172b34cf4,user1018@example.com,Pro
5bae296d36634ecf,user1019@example.com,Business
5179be5d23f44439,user1020@example.com,Business Plus
0208b47f78954576,user1021@example.com,Business
f527ef698b874f6e,user1022@example.com,Pro
b3e9289514214fc3,user1023@example.com,Business Plus
31b96cc6ec6e488d,user1024@example.com,Business
f0ac9b7b59ab43e5,user1025@example.com,Business Plus
bc761fbc0b0f4496,user1026@example.com,Pro
5865a43d9aa94bff,user1027@example.com,Business
1c7f2cc3834d4523,user1028@example.com,Business Plus
64260cb4e2ef42cc,user1029@example.com,Business
c112c73455f04901,user1030@example.com,Pro
23682f5a721c41a2,user1031@example.com,Business
492a81fe25314b8e,user1032@example.com,Business Plus
9b31642cc19548bb,user1033@example.com,Business
22ee608ed5be4d8f,user1034@example.com,Pro
45f8ea4aabbd48ad,user1035@example.com,Business
bf8604fb10c54c53,user1036@example.com,Business Plus
3d7f244ee9724b5f,user1037@example.com,Business
dac4124134c240a6,user1038@example.com,Pro
9f0461a64b124eb5,user1039@example.com,Business Plus
69eee19f7b244725,user1040@example.com,Business
e62c86df8c874252,user1041@example.com,Pro
603e056b59d2404d,user1042@example.com,Business
8a3268c14bc24812,user1043@example.com,Business Plus
0996b579eaa44eed,user1044@example.com,Business
618a3ca19aa54c13,user1045@example.com,Business Plus
ba2b5dbcd2384a4a,user1046@example.com,Pro
da9bfe24ea6c4fb6,user1047@example.com,Business
57a4fedabcf34312,user1048@example.com,Business Plus
38ab859e68484455,user1049@example.com,Business
0af01a179dde4b6d,user1050@example.com,Pro
845b2c1e36db4797,user1051@example.com,Business
3068c1f49c8c4548,user1052@example.com,Business Plus
746e2566105b44e3,user1053@example.com,Business
d7daf12671a041bd,user1054@example.com,Pro
652ee258b0f24dbf,user1055@example.com,Business Plus
fa43be812b314a4f,user1056@example.com,Business
bc28ad3b654849d9,user1057@example.com,Business Plus
c006175d4abe434d,user1058@example.com,Pro
42980812c6ef463a,user1059@example.com,Business
a749c5980c7048b8,user1060@example.com,Business Plus
61fea13a60d34a9d,user1061@example.com,Business
9fdeda7a341c46ab,user1062@example.com,Pro
5885f7be5cb845ab,user1063@example.com,Business
fde09e1a6ae741bd,user1064@example.com,Business Plus
f8401bec925a4759,user1065@example.com,Business
7c20e2559a5a4ef1,user1066@example.com,Pro
fb75e2f0e465413c,user1067@example.com,Business
a1962116b5cd4f1b,user1068@example.com,Business Plus
235109183ea9412f,user1069@example.com,Business
4068277744e042b3,user1070@example.com,Pro
f612984859264953,user1071@example.com,Business Plus
d70827283a634a60,user1072@example.com,Business
79faa6e6d06346df,user1073@example.com,Pro
6d79111e4bb74301,user1074@example.com,Business
5dd065f9e9fb4ca1,user1075@example.com,Business Plus
e96ee2519c7c49e2,user1076@example.com,Business
f5ad928fe7624e30,user1077@example.com,Business Plus
01dadc4c3ac24930,user1078@example.com,Pro
7cee73e246b0401b,user1079@example.com,Business
1e35a353172a43d6,user1080@example.com,Business Plus
34e905ff07c8469f,user1081@example.com,Business
035e64094fd94d94,user1082@example.com,Pro
0eeb4a5b7bbc4b56,user1083@example.com,Business
f61cff4adf4c462d,user1084@example.com,Business Plus
cce263b22b234aa2,user1085@example.com,Business
e0cbc5042c864469,user1086@example.com,Pro
e768b66870b14ba6,user1087@example.com,Business Plus
5ab82c3c750a4623,user1088@example.com,Business
c62f6e10bebc49b4,user1089@example.com,Business Plus
d1802b9ea8194a7b,user1090@example.com,Pro
d73747d926f543fb,user1091@example.com,Business
a47cf60744884a1d,user1092@example.com,Business Plus
07cf3f10ec6e486c,user1093@example.com,Business
3386cc20c451496c,user1094@example.com,Pro
fd1756d63adb4613,user1095@example.com,Business
9d9ffa5401b341ae,user1096@example.com,Business Plus
2ea3634e97cf4366,user1097@example.com,Business
cad18e9d7886468d,user1098@example.com,Pro
29443760721a4bd5,user1099@example.com,Business
002ea068564a4ab6,user1100@example.com,Business Plus
9828bb11d66c40cc,user1101@example.com,Business
93fb2b7c2c8e49d1,user1102@example.com,Pro
4417ec00d4294e7b,user1103@example.com,Business Plus
c2abfcd53d3a4863,user1104@example.com,Business
5ac4b9d2eb674063,user1105@example.com,Business Plus
41a8ec58c0a14e2d,user1106@example.com,Pro
6976fa1e292b4913,user1107@example.com,Business
1b48d437259b4055,user1108@example.com,Business Plus
93196ceacc414c80,user1109@example.com,Business
75feb7a6eef7410e,user1110@example.com,Pro
98a2ae3055594f7d,user1111@example.com,Business
67abb601261f4142,user1112@example.com,Business Plus
53ed17801d9842bd,user1113@example.com,Business
53f5d1dfd32c44f1,user1114@example.com,Pro
2ed9d03c14a4480d,user1115@example.com,Business Plus
b71b413571a84f0f,user1116@example.com,Business
83f504cbc2114721,user1117@example.com,Business Plus
1c4daf80e4344d5b,user1118@example.com,Pro
35cec070a1d146b6,user1119@example.com,Business
e612a2b942d94443,user1120@example.com,Business Plus
a1d4c1dbbab244da,user1121@example.com,Business
004a22e708c84292,user1122@example.com,Pro
2968c9d2f22c4425,user1123@example.com,Business
1369a7b3e6564fe0,user1124@example.com,Business Plus
1535c78531df455d,user1125@example.com,Business
57fc27c375ed4602,user1126@example.com,Pro
4f81c446eaa44b3e,user1127@example.com,Business
733ba88126c14f67,user1128@example.com,Business Plus
1fcc2ec8ca764df2,user1129@example.com,Business
8cf10781c7f84c57,user1130@example.com,Pro
a610986b7864415c,user1131@example.com,Business
