COMPANY,DESCRIPTION
Costco Wholesale Corporation,"""Costco Wholesale Corporation operates a global network of membership-based warehouses, offering a wide selection of products and services to its members. The company's business model is designed to provide low prices on bulk quantities of merchandise, leveraging its massive scale and efficient operations to deliver significant savings to its customers."""
"Analog Devices, Inc.","""Analog Devices, Inc. is a global leader in the design, manufacture, and marketing of a broad range of high-performance analog, mixed-signal, and digital signal processing integrated circuits. The company's products and technologies enable a wide range of applications, from industrial and automotive systems to consumer electronics and medical devices."""
Ascendis Pharma A/S,"""Ascendis Pharma A/S is a biopharmaceutical company focused on developing and commercializing innovative therapies for unmet medical needs, with a primary focus on rare diseases and endocrinology. The company utilizes its proprietary TransCon technology to create prodrug therapies that improve the lives of patients with serious and rare diseases."""
Methanex Corporation,"""Methanex Corporation is a global leader in the production and supply of methanol, a key ingredient in the manufacture of various industrial and consumer products. With a strong global presence and a commitment to sustainability, Methanex delivers high-quality methanol to customers around the world, supporting the creation of innovative products and solutions."""
Atmos,"""Atmos is a cutting-edge technology firm that specializes in innovative software solutions and data analytics to drive business growth and transformation. With a focus on cloud-based services and artificial intelligence, Atmos empowers companies to make informed decisions and stay ahead of the curve in an ever-evolving digital landscape."""
Liberty Global Ltd.,"""Liberty Global Ltd. is a leading international telecommunications and media company that connects people to the digital world and enables them to discover and experience its endless possibilities. Through its operations in over 30 countries, the company provides broadband internet, television, and telephone services to millions of customers under several consumer brands."""
Titan,"""Titan is a leading innovator in cutting-edge technology solutions, delivering high-quality products and services that empower businesses to succeed in a rapidly evolving digital landscape. With a strong commitment to excellence and customer satisfaction, Titan drives growth and transformation through its expertise in software development, data analytics, and cybersecurity."""
BioNTech SE,"""BioNTech SE is a German biotechnology company that develops and commercializes novel immunotherapies for cancer and other diseases. The company utilizes its proprietary mRNA technology to create innovative vaccine and therapy candidates that aim to improve patient outcomes and transform the treatment of various medical conditions."""
Cair Health,"""Cair Health is a cutting-edge healthcare technology company dedicated to revolutionizing patient care through innovative solutions and exceptional service. By harnessing the power of data analytics and artificial intelligence, Cair Health empowers healthcare providers to deliver personalized, high-quality care that improves patient outcomes and enhances the overall healthcare experience."""
"Airbnb, Inc.","""Airbnb, Inc. is a global online marketplace that connects travelers with unique accommodations and experiences, while also providing hosts with a platform to monetize their spaces. Through its platform, the company aims to foster a sense of community and belonging among its users, promoting cultural exchange and exploration."""
JOYY Inc.,"""JOYY Inc. is a global social media company that operates a range of popular live streaming and social media platforms, connecting users worldwide through interactive content and community building. With a strong presence in Asia and expanding globally, JOYY Inc. empowers users to create, share, and engage with live streaming, video, and social content across its platforms."""
Carbon-12 Labs,"""Carbon-12 Labs is a cutting-edge technology firm specializing in innovative software solutions and data analytics to drive business growth and transformation. With a focus on artificial intelligence and machine learning, Carbon-12 Labs delivers tailored products and services that empower companies to make informed decisions and stay ahead of the curve."""
BOK Financial Corporation,"""BOK Financial Corporation is a top 25 US-based bank holding company that provides financial services to consumers, businesses, and institutions across the United States. With a strong presence in the Midwest and Southwest, the company offers a wide range of banking, investment, and wealth management solutions to its customers."""
Nectome,"""Nectome is a neurotechnology company that aims to preserve human brains and memories for potential future revival, leveraging cutting-edge cryonics and artificial intelligence to achieve its mission. By developing innovative methods for brain preservation and mind uploading, Nectome seeks to revolutionize the way we approach human longevity and cognitive enhancement."""
Liberty Latin America Ltd.,"""Liberty Latin America Ltd. is a leading telecommunications company that provides broadband internet, television, and telephone services to residential and commercial customers across Latin America and the Caribbean. The company operates a diverse portfolio of brands, including Liberty, Flow, and VTR, offering a range of services and products tailored to meet the unique needs of its customers."""
"Pulse Biosciences, Inc.","""Pulse Biosciences, Inc. is a novel bioelectric medicine company committed to developing therapeutic treatments for various applications, including dermatology and oncology. The company's proprietary Nano-Pulse Stimulation technology provides a non-thermal, non-invasive method to induce cell death in targeted tissue, offering a unique approach to treating a range of medical conditions."""
Zeit AI,"""Zeit AI is a cutting-edge technology firm specializing in the development of innovative artificial intelligence solutions that empower businesses to make data-driven decisions and drive growth. With a focus on machine learning and natural language processing, Zeit AI helps organizations unlock new insights and automate complex processes to achieve unparalleled efficiency and productivity."""
"Palo Alto Networks, Inc.","""Palo Alto Networks, Inc. is a global cybersecurity leader that empowers organizations to prevent successful cyberattacks through its innovative security platform. The company's platform provides comprehensive network security, advanced threat protection, and cloud security solutions to protect businesses from cyber threats."""
Pylon,"""Pylon is a cutting-edge technology firm that specializes in developing innovative software solutions for businesses and organizations. With a focus on artificial intelligence, data analytics, and cybersecurity, Pylon empowers its clients to make informed decisions and drive growth in an ever-evolving digital landscape."""
Metapacket,"""Metapacket is a cutting-edge technology firm specializing in innovative network solutions and cybersecurity services. Leveraging expertise in AI and machine learning, Metapacket empowers businesses to optimize their digital infrastructure and safeguard against evolving threats."""
"PC Connection, Inc.","""PC Connection, Inc. is a leading technology solutions provider that offers a broad range of IT products and services to businesses, government agencies, and educational institutions. The company's expertise spans from hardware and software to networking, security, and data center solutions, helping customers navigate the ever-changing technology landscape."""
VEON Ltd.,"""VEON Ltd. is a global provider of connectivity and internet services, delivering innovative mobile and fixed communications solutions to over 200 million customers worldwide. Through its operating companies, VEON empowers individuals, businesses, and communities to stay connected, access information, and thrive in the digital age."""
"Akamai Technologies, Inc.","""Akamai Technologies, Inc. is a leading cloud services provider that helps organizations deliver and secure digital experiences for their online audiences. The company's intelligent edge platform surrounds everything, from enterprise to cloud, so customers and their businesses can be fast, smart, and secure."""
Genmab A/S,"""Genmab A/S is a biotechnology company dedicated to the development of innovative antibody-based treatments for cancer and other diseases. With a strong focus on research and development, Genmab A/S aims to improve the lives of patients worldwide by creating and commercializing transformative therapies."""
"Protagonist Therapeutics, Inc.","""Protagonist Therapeutics, Inc. is a biotechnology company dedicated to transforming the treatment of serious diseases by discovering and developing novel peptide-based therapeutics. With a focus on gastroenterology and inflammatory bowel disease, the company is committed to improving the lives of patients worldwide through innovative and effective treatments."""
Swishjam,"""Swishjam is a cutting-edge technology firm specializing in innovative software solutions and data-driven services. With a focus on creativity and customer satisfaction, Swishjam delivers tailored products that empower businesses to thrive in a rapidly evolving digital landscape."""
Talyn Air,"""Talyn Air is a cutting-edge aviation company dedicated to providing innovative and exceptional flight experiences through its commitment to safety, quality, and customer satisfaction. With a focus on personalized service and unparalleled comfort, Talyn Air strives to redefine the art of air travel and exceed the expectations of its discerning passengers."""
Pool Corporation,"""Pool Corporation is the world's largest wholesale distributor of swimming pool and related backyard products, operating over 360 sales centers across North America, Europe, and Australia. The company provides a wide range of products and services to pool professionals, including swimming pool equipment, chemicals, and construction materials, as well as irrigation and landscape products."""
"J.B. Hunt Transport Services, Inc.","""J.B. Hunt Transport Services, Inc. is a leading transportation logistics company that provides a wide range of services, including trucking, intermodal, and supply chain management solutions. With a fleet of over 12,000 trucks and 80,000 trailers, the company delivers safe and reliable transportation services to a diverse customer base across North America."""
Speak,"""Speak is a cutting-edge technology firm dedicated to revolutionizing the way people communicate through innovative software solutions. With a focus on artificial intelligence and machine learning, Speak empowers individuals and businesses to connect and collaborate more effectively in a rapidly changing world."""
Jamf Holding Corp.,"""Jamf Holding Corp. is a leading provider of cloud-based software solutions that help organizations manage and secure their Apple devices, simplifying IT management and empowering users. With a focus on ease of use, scalability, and security, Jamf's products and services enable businesses, schools, and government institutions to unleash the full potential of their Apple ecosystem."""
"OneStream, Inc.","""OneStream, Inc. is a leading provider of corporate performance management software solutions, enabling businesses to streamline financial close, consolidation, and reporting processes. With its unified platform, OneStream empowers finance teams to drive strategic decision-making, improve operational efficiency, and enhance collaboration across the organization."""
Arylla,"""Arylla is a cutting-edge technology firm dedicated to revolutionizing the way businesses operate through innovative software solutions and exceptional customer service. With a focus on simplicity, scalability, and security, Arylla empowers companies to streamline their processes, enhance productivity, and drive growth in an ever-evolving digital landscape."""
Lantern,"""Lantern is a pioneering technology firm that illuminates new paths to innovation, empowering businesses to navigate complex challenges and unlock unprecedented growth. With a passion for creative problem-solving and a commitment to excellence, Lantern delivers cutting-edge solutions that transform industries and inspire a brighter future."""
Alphabet Inc.,"""Alphabet Inc. is a multinational conglomerate that specializes in internet-related services and products, including online advertising, cloud computing, and hardware technology. Through its various subsidiaries, including Google, the company aims to organize the world's information and make it universally accessible and useful."""
Cofactor Genomics,"""Cofactor Genomics is a cutting-edge biotechnology company that develops and commercializes innovative RNA-based products and services for the discovery and development of novel therapeutics. By leveraging its proprietary technology and expertise in RNA biology, Cofactor Genomics enables researchers and clinicians to better understand the complexities of human disease and develop more effective treatments."""
CRISPR Therapeutics AG,"""CRISPR Therapeutics AG is a biopharmaceutical company focused on developing transformative gene-based medicines for serious human diseases using its proprietary CRISPR/Cas9 gene editing platform. The company's pipeline includes various clinical and preclinical programs across a range of therapeutic areas, including hematology, oncology, and regenerative medicine."""
"Roper Technologies, Inc.","""Roper Technologies, Inc. is a diversified technology company that designs, manufactures, and distributes engineered products and solutions for a variety of niche markets. The company operates through a portfolio of brands that provide software, medical and scientific imaging, and industrial technology products and services to a global customer base."""
Zensors,"""Zensors is a cutting-edge technology company that specializes in developing innovative sensor solutions for various industries, providing accurate and reliable data to drive informed decision-making. With a focus on innovation and customer satisfaction, Zensors delivers high-quality products and services that exceed expectations and transform the way businesses operate."""
Enterprise Financial Services Corp,"""Enterprise Financial Services Corp is a financial holding company that provides a range of banking and financial services to individuals, businesses, and institutions. Through its subsidiary banks and financial institutions, the company offers a diverse portfolio of products and services, including commercial banking, wealth management, and investment services."""
"Vertex, Inc.","""Vertex, Inc. is a leading provider of tax technology solutions, offering a comprehensive suite of software and services to help businesses manage their tax compliance and optimization needs. With a global presence and over 40 years of experience, Vertex helps companies of all sizes navigate the complexities of tax management and unlock new opportunities for growth and profitability."""
Arm Holdings plc,"""Arm Holdings plc is a global leader in the design and licensing of semiconductor and software intellectual property, delivering high-performance, power-efficient processor designs and related technologies. The company's innovative products and services enable the development of a wide range of applications, from smartphones and mobile devices to automotive and industrial systems."""
Bicara Therapeutics Inc.,"""Bicara Therapeutics Inc. is a biotechnology company focused on developing innovative therapies for the treatment of cancer and other debilitating diseases. Through its cutting-edge research and development efforts, the company aims to improve patient outcomes and enhance quality of life for individuals affected by these conditions."""
Criteo S.A.,"""Criteo S.A. is a global technology company that specializes in digital performance marketing, providing personalized retargeting solutions to help businesses reach and engage with their customers online. With a presence in over 30 countries, Criteo's platform uses machine learning algorithms and data analysis to deliver targeted advertisements and drive sales for its clients."""
Insulet Corporation,"""Insulet Corporation is a leading medical technology company that develops, manufactures, and markets innovative insulin delivery systems, including the Omnipod insulin management system. The company's products and services aim to make diabetes management easier, more convenient, and more discreet for people with diabetes and their healthcare providers."""
"Rivian Automotive, Inc.","""Rivian Automotive, Inc. is an American electric vehicle manufacturer and automotive technology company that designs, develops, and manufactures electric vehicles, products, and services. The company's portfolio includes electric pickup trucks, SUVs, and commercial vans, as well as energy and charging solutions, with a focus on adventure, sustainability, and innovation."""
"SoundHound AI, Inc.","""SoundHound AI, Inc. is a leading innovator in voice AI and conversational intelligence, delivering cutting-edge solutions that enable humans to interact with devices and systems using natural language. With its proprietary Houndify platform, the company provides businesses with a scalable and customizable voice AI technology to create conversational interfaces for various applications and industries."""
Centessa Pharmaceuticals plc,"""Centessa Pharmaceuticals plc is a clinical-stage pharmaceutical company dedicated to discovering and developing innovative treatments for a range of serious diseases. The company's research and development efforts focus on leveraging cutting-edge science and technologies to create novel therapies that address significant unmet medical needs."""
"First Mid Bancshares, Inc.","""First Mid Bancshares, Inc. is a financial holding company that provides a range of banking, insurance, and financial services to individuals, businesses, and institutions across the Midwest. With a rich history and commitment to community banking, the company operates through its subsidiary banks, offering personalized service and tailored solutions to meet the unique needs of its customers."""
NXP Semiconductors N.V.,"""NXP Semiconductors N.V. is a global leader in the design and manufacture of advanced semiconductor solutions for a wide range of applications. The company's products and solutions are used in a variety of markets, including automotive, industrial, internet of things, mobile, and communications infrastructure."""
Lenco,"""Lenco is a leading manufacturer of high-quality audio equipment, delivering innovative and affordable solutions for music lovers and professionals alike. With a rich history and commitment to excellence, Lenco continues to push the boundaries of sound technology, providing exceptional products that enhance the listening experience."""
Spot Health,"""Spot Health is a cutting-edge healthcare technology company dedicated to revolutionizing the way people access and manage their medical care. By leveraging innovative solutions and collaborative partnerships, Spot Health empowers individuals to take control of their health and wellbeing, delivering personalized and seamless experiences that improve outcomes and transform lives."""
American Airlines Group Inc.,"""American Airlines Group Inc. is a leading global airline company that operates a mainline fleet of nearly 900 aircraft, offering an extensive network of scheduled passenger and cargo services. The company provides air transportation services to approximately 350 destinations in more than 50 countries, with a focus on delivering exceptional customer experiences and value to its passengers."""
Infracost,"""Infracost is a cloud cost estimation and management platform that helps companies optimize their cloud infrastructure spend and make informed decisions about their technology investments. By providing real-time cost monitoring and predictive analytics, Infracost enables businesses to reduce waste, improve efficiency, and maximize the value of their cloud resources."""
Airgoods,"""Airgoods is a leading e-commerce company specializing in delivering high-quality products and exceptional customer experiences to consumers worldwide. With a focus on innovation and sustainability, Airgoods strives to make online shopping effortless, efficient, and enjoyable for all its customers."""
"MaxLinear, Inc.","""MaxLinear, Inc. is a leading provider of radio frequency and mixed-signal integrated circuits for the connected home, wired and wireless infrastructure, and industrial and multi-market applications. The company's highly integrated, high-performance products enable the distribution and processing of broadband data, facilitating the worldwide availability of high-speed data services."""
Alliant Energy Corporation,"""Alliant Energy Corporation is a public utility holding company that provides regulated electricity and natural gas services to customers in the Midwest. The company operates through its subsidiaries, including Interstate Power and Light Company and Wisconsin Power and Light Company, serving over 1.5 million customers across Iowa, Wisconsin, and Minnesota."""
Nexu,"""Nexu is a cutting-edge technology firm that specializes in developing innovative software solutions to drive business growth and transformation. With a focus on artificial intelligence, data analytics, and cloud computing, Nexu empowers organizations to make informed decisions and stay ahead of the curve in an ever-evolving digital landscape."""
"F5, Inc.","""F5, Inc. is a leading provider of multi-cloud application services and security solutions that enable organizations to deliver exceptional digital experiences. With its suite of application delivery, security, and visibility solutions, F5 helps companies protect and secure their applications and data across on-premises, cloud, and hybrid environments."""
Seis,"""Seis is a cutting-edge technology firm that specializes in developing innovative solutions for businesses and individuals, leveraging expertise in data analytics and artificial intelligence to drive growth and success. With a strong focus on customer satisfaction and a passion for innovation, Seis delivers tailored services and products that empower clients to achieve their goals and stay ahead of the curve."""
The Kraft Heinz Company,"""The Kraft Heinz Company is a leading global food and beverage company with a diverse portfolio of iconic brands, crafting delicious foods and beverages that enrich people's lives. With a legacy spanning over 150 years, the company is committed to driving growth, innovation, and sustainability in the food industry, while making a positive impact on the communities it serves."""
"Dime Community Bancshares, Inc.","""Dime Community Bancshares, Inc. is the parent company of Dime Community Bank, a New York-based financial institution providing a range of banking services to individuals and businesses. With a history dating back to 1864, the company has established itself as a trusted and stable financial partner in the communities it serves."""
Adobe Inc.,"""Adobe Inc. is a multinational computer software company that creates and markets a wide range of software products and services used for creating, editing, and publishing digital content. The company's product portfolio includes popular brands such as Photoshop, Acrobat, and Creative Cloud, which are used by individuals, businesses, and governments worldwide."""
"Applied Optoelectronics, Inc.","""Applied Optoelectronics, Inc. is a leading developer and manufacturer of advanced optical communications products, including laser diodes, photodetectors, and optical transceivers. The company's high-performance products enable high-speed data transmission and are used in a variety of applications, including data centers, fiber-to-the-home, and telecommunications networks."""
"PayPal Holdings, Inc.","""PayPal Holdings, Inc. is a leading technology platform and digital payments company that enables individuals and businesses to send and receive payments online. The company's platform provides a range of payment solutions, including online payment processing, mobile payments, and person-to-person transactions, to over 400 million active accounts worldwide."""
"MercadoLibre, Inc.","""MercadoLibre, Inc. is a Latin American e-commerce technology company that operates online marketplaces dedicated to e-commerce and online payments. The company provides buyers and sellers with a platform to browse, purchase, and sell goods and services, as well as a range of financial services and solutions."""
Runway,"""Runway is a cutting-edge technology firm that empowers businesses to take off and thrive in the digital landscape. With innovative solutions and expert guidance, Runway helps companies navigate the complexities of modern commerce and reach new heights of success."""
United Therapeutics Corporation,"""United Therapeutics Corporation is a biotechnology company focused on the development and commercialization of innovative therapies for rare and severe diseases. The company's mission is to address the unmet medical needs of patients through its pipeline of novel therapeutics and technologies, with a focus on pulmonary hypertension, oncology, and other rare diseases."""
"Powell Industries, Inc.","""Powell Industries, Inc. is a leading provider of electrical power distribution and control equipment, serving the global markets with innovative solutions and exceptional customer service. With a strong commitment to quality, reliability, and safety, the company designs, manufactures, and services a wide range of products for various industries, including oil and gas, mining, and utilities."""
"DocuSign, Inc.","""DocuSign, Inc. is a leading provider of electronic signature technology and document management services, helping organizations of all sizes to accelerate business and simplify transactions. The company's cloud-based platform enables users to sign, send, and manage documents electronically, eliminating the need for physical paperwork and streamlining workflows."""
"Nuanced, Inc.","""Nuanced, Inc. is a cutting-edge technology firm dedicated to developing innovative solutions that simplify complex problems and enhance user experiences. With a focus on precision and creativity, Nuanced, Inc. delivers tailored products and services that drive business growth and foster meaningful connections."""
"Patterson Companies, Inc.","""Patterson Companies, Inc. is a leading distributor of dental and veterinary supplies, equipment, and technology, serving the needs of professionals in these fields. The company provides a comprehensive range of products and services to help its customers improve the health and well-being of their patients and clients."""
Doppler,"""Doppler is a cutting-edge technology firm that specializes in developing innovative solutions for real-time data analysis and visualization. By harnessing the power of artificial intelligence and machine learning, Doppler empowers businesses to make informed decisions and drive growth through actionable insights."""
Columbia Sportswear Company,"""Columbia Sportswear Company is a leading global outdoor apparel, footwear, and equipment brand that designs, sources, markets, and distributes active outdoor and youth apparel, footwear, accessories, and equipment. The company's products are sold through a variety of channels, including wholesale distribution to specialty retailers, through its own retail stores, and online direct-to-consumer sales."""
HUTCHMED (China) Limited,"""HUTCHMED (China) Limited is a biopharmaceutical company dedicated to the discovery, development, and commercialization of innovative medicines for the treatment of cancer and other diseases. The company has a broad pipeline of drug candidates in development, with a focus on oncology, immunology, and infectious diseases, and has established partnerships with international pharmaceutical companies to accelerate the global development of its pipeline."""
"Agios Pharmaceuticals, Inc.","""Agios Pharmaceuticals, Inc. is a biopharmaceutical company committed to the discovery, development, and commercialization of novel therapeutics in the fields of hematology and oncology. The company's mission is to improve the lives of patients with genetically defined diseases, with a focus on developing innovative treatments that target the underlying biology of these conditions."""
FINNY AI,"""FINNY AI is a cutting-edge technology firm specializing in the development of innovative artificial intelligence solutions for businesses and individuals. By harnessing the power of machine learning and data analytics, FINNY AI empowers its clients to make informed decisions, drive growth, and stay ahead of the curve in an ever-evolving digital landscape."""
"Veritex Holdings, Inc.","""Veritex Holdings, Inc. is a bank holding company that operates through its wholly-owned subsidiary, Veritex Community Bank, to provide financial services to individuals and businesses. The company offers a range of products and services, including commercial and retail banking, mortgage banking, and treasury management, with a focus on building long-term relationships with its customers."""
MarqVision,"""MarqVision is a cutting-edge technology company that specializes in AI-powered brand protection and intellectual property enforcement solutions. By leveraging advanced machine learning algorithms and expert analysis, MarqVision helps global brands detect and prevent counterfeiting, piracy, and other forms of IP infringement."""
"Bentley Systems, Incorporated","""Bentley Systems, Incorporated is a leading global provider of software solutions for advancing the design, construction, and operations of infrastructure, including roads, bridges, buildings, and utilities. The company's comprehensive portfolio of software and services enables professionals to create, manage, and operate infrastructure assets with improved efficiency, sustainability, and resilience."""
Faction,"""Faction is a cutting-edge technology firm that specializes in developing innovative software solutions for businesses and organizations. With a focus on artificial intelligence and data analytics, Faction empowers companies to make informed decisions and drive growth through data-driven insights."""
Hyper,"""Hyper is a cutting-edge technology firm that specializes in developing innovative software solutions for businesses and individuals. With a focus on speed, agility, and customer satisfaction, Hyper delivers high-quality products and services that exceed expectations and drive success."""
"MKS Instruments, Inc.","""MKS Instruments, Inc. is a global provider of instruments, subsystems, and process control solutions that measure, control, power, monitor, and analyze critical parameters of advanced manufacturing processes. The company's products are used in a wide range of applications, including semiconductor manufacturing, pharmaceutical production, and industrial manufacturing, to improve process performance, productivity, and yield."""
Lamin,"""Lamin is a leading provider of innovative materials and solutions, delivering high-quality products that enhance performance and efficiency across various industries. With a strong commitment to research and development, Lamin continues to push the boundaries of technology and manufacturing, driving growth and success for its customers and partners."""
Data Mechanics,"""Data Mechanics is a cutting-edge technology company that specializes in developing innovative data management and analytics solutions for businesses. Our team of experts leverages machine learning, artificial intelligence, and cloud computing to help organizations unlock insights, drive growth, and make data-driven decisions."""
Secured,"""Secured is a leading provider of innovative cybersecurity solutions, dedicated to protecting businesses and individuals from evolving threats. With a strong focus on research and development, Secured delivers cutting-edge technologies that safeguard sensitive information and ensure uninterrupted operations."""
argenx SE,"""argenx SE is a global immunology company committed to improving the lives of people suffering from severe autoimmune diseases and cancer. The company develops and commercializes a pipeline of differentiated antibody therapies designed to modulate the immune system and address significant unmet medical needs."""
Appian Corporation,"""Appian Corporation is a leading provider of low-code automation and enterprise software solutions that enable organizations to build, deploy, and manage powerful applications quickly and efficiently. With a focus on digital transformation, Appian's platform helps companies streamline processes, improve customer experiences, and drive business growth through innovative and intuitive technology."""
Check Point Software Technologies Ltd.,"""Check Point Software Technologies Ltd. is a leading provider of cyber security solutions to governments and corporate enterprises globally, protecting customers from cyber threats with an integrated architecture. The company's solutions include network and endpoint security, cloud security, mobile security, and security management, all designed to provide comprehensive threat prevention and protection."""
"NetApp, Inc.","""NetApp, Inc. is a global leader in cloud data services, empowering global organizations to manage and store their data in a simple, yet powerful way. The company provides a full range of hybrid cloud data services that simplify management of applications and data across cloud and on-premises environments to accelerate digital transformation."""
Bilibili Inc.,"""Bilibili Inc. is a Chinese video sharing website based in Shanghai, where users can submit, view and add commentary subtitles on videos. The platform is primarily used for anime, comic and gaming fans in China, offering a wide range of content including live broadcasting, documentaries, and e-learning courses."""
Pirros,"""Pirros is a dynamic and innovative company that specializes in providing cutting-edge solutions and exceptional services to its clients. With a strong focus on quality, reliability, and customer satisfaction, Pirros strives to build long-lasting relationships and drive success in various industries."""
Elbit Systems Ltd.,"""Elbit Systems Ltd. is an international high technology company engaged in a wide range of defense, homeland security and commercial programs throughout the world. The company develops and supplies a broad portfolio of airborne, land and naval systems, products and services for defense, homeland security and commercial aviation applications."""
Twist Bioscience Corporation,"""Twist Bioscience Corporation is a leading biotechnology company that develops and manufactures synthetic DNA for various industries, including biopharma, agriculture, and data storage. The company's innovative platform enables the rapid and affordable production of high-quality synthetic DNA, empowering customers to advance their research, development, and commercialization of new products and therapies."""
Upgraded,"""Upgraded is a cutting-edge technology firm dedicated to revolutionizing the way businesses operate through innovative software solutions. With a focus on simplicity, scalability, and customer satisfaction, Upgraded empowers companies to streamline processes, enhance productivity, and drive growth."""
GIMO,"""GIMO is a cutting-edge technology firm specializing in innovative software solutions and data-driven services. With a focus on delivering exceptional user experiences, GIMO empowers businesses to streamline operations, enhance productivity, and drive growth through tailored digital transformations."""
Liberty Live Group,"""Liberty Live Group is a dynamic entertainment and events company dedicated to creating unforgettable experiences through innovative productions and exceptional service. With a passion for bringing people together, we specialize in crafting unique and engaging events that leave a lasting impression on our clients and their guests."""
Verint Systems Inc.,"""Verint Systems Inc. is a global leader in Actionable Intelligence, providing enterprise software solutions that help organizations make informed decisions and take effective action. The company's solutions are designed to capture, analyze, and act on large amounts of data to improve customer engagement, enhance security, and optimize operations."""
"Autodesk, Inc.","""Autodesk, Inc. is a global leader in 3D design, engineering, and entertainment software, providing innovative solutions to customers in the architecture, engineering, construction, manufacturing, and media and entertainment industries. The company's software and services enable customers to design, visualize, and simulate their ideas, helping them to create, innovate, and bring their products and projects to life."""
OneSpaWorld Holdings Limited,"""OneSpaWorld Holdings Limited is a global provider of health and wellness services and products onboard cruise ships and in destination resorts, offering a comprehensive range of spa, wellness, and beauty treatments. The company operates a network of spas and wellness centers across the globe, delivering exceptional experiences to its customers and driving growth through its innovative and personalized approach to wellness."""
TeraWulf Inc.,"""TeraWulf Inc. is a leading developer of environmentally sustainable and vertically integrated bitcoin mining facilities, leveraging cutting-edge technology to maximize efficiency and minimize environmental impact. With a focus on innovation and sustainability, TeraWulf is committed to redefining the future of cryptocurrency mining and energy production."""
"CRA International, Inc.","""CRA International, Inc. is a global consulting firm that provides economic, financial, and management consulting services to businesses, governments, and organizations. With expertise in a range of areas, including litigation and regulatory support, strategy development, and performance improvement, CRA helps clients navigate complex challenges and achieve their goals."""
Merchants Bancorp,"""Merchants Bancorp is a bank holding company that provides a wide range of financial services to individuals, businesses, and institutions through its banking and non-banking subsidiaries. With a strong focus on community banking, Merchants Bancorp offers personalized service, innovative products, and tailored solutions to meet the unique needs of its customers."""
Infinera Corporation,"""Infinera Corporation is a global supplier of networking solutions that enable the rapid delivery of high-bandwidth services, and its innovative optical transport network equipment helps to power some of the world's largest and most reliable networks. With a focus on innovation and customer satisfaction, Infinera provides intelligent transport networks that help service providers, cloud operators, and content providers to meet the growing demands of their users."""
"Freshpet, Inc.","""Freshpet, Inc. is a leading manufacturer of high-quality, fresh and natural pet food, offering a range of products that cater to the unique needs of dogs and cats. With a focus on using only the finest ingredients and a commitment to pet health and wellness, Freshpet is dedicated to providing pet owners with a healthier alternative to traditional pet food options."""
StoneX Group Inc.,"""StoneX Group Inc. is a global financial services organization providing execution, risk management and advisory services, and market intelligence to clients across multiple asset classes. The company's diverse range of services includes commodities, securities, foreign exchange, and derivatives, serving commercial and institutional clients, as well as individual investors."""
"Mondelez International, Inc.","""Mondelez International, Inc. is a global snacking powerhouse with a portfolio of iconic brands that lead the future of snacking, including Oreo, Chips Ahoy!, and Trident. The company empowers people to snack right, with a focus on innovation, sustainability, and community involvement, making it a leader in the global snacking industry."""
Quickcard,"""Quickcard is a cutting-edge financial technology company that provides innovative payment solutions and digital wallet services to individuals and businesses worldwide. With a focus on security, convenience, and speed, Quickcard empowers users to make seamless transactions and manage their finances with ease."""
"MARA Holdings, Inc.","""MARA Holdings, Inc. is a leading investment firm dedicated to delivering exceptional returns through strategic acquisitions and innovative partnerships. With a focus on emerging technologies and sustainable growth, MARA Holdings, Inc. drives value creation and long-term success for its stakeholders and portfolio companies."""
"Upbound Group, Inc.","""Upbound Group, Inc. is a technology-driven company that empowers businesses to thrive in a rapidly changing world through innovative solutions and strategic partnerships. With a focus on cloud-native technologies and digital transformation, Upbound Group, Inc. helps organizations unlock their full potential and achieve unparalleled success."""
"Skyworks Solutions, Inc.","""Skyworks Solutions, Inc. is a leading innovator of high-performance analog semiconductors connecting people, places, and things, enabling a growing range of applications across various markets. The company's highly integrated and compact solutions are used in a wide variety of mobile and Internet of Things (IoT) products, including smartphones, tablets, and wearables."""
Icahn Enterprises L.P.,"""Icahn Enterprises L.P. is a diversified conglomerate engaged in a variety of businesses, including investment, automotive, energy, gaming, railcar, and food packaging. The company's primary objective is to maximize long-term value for its shareholders by seeking out undervalued companies and assets and actively working to enhance their performance and profitability."""
"Arcutis Biotherapeutics, Inc.","""Arcutis Biotherapeutics, Inc. is a biopharmaceutical company focused on developing innovative treatments for serious dermatological conditions. The company's pipeline includes novel, topical therapies designed to address significant unmet needs in the treatment of immune-mediated dermatological diseases and conditions."""
"Qorvo, Inc.","""Qorvo, Inc. is a leading provider of innovative RF solutions that connect the world, delivering high-performance products and technologies for a wide range of applications. The company's broad portfolio of products and technologies helps customers improve the performance, efficiency and reliability of their systems, from smartphones and base stations to radar, satellites and more."""
Middesk,"""Middesk is a technology company that provides businesses with a platform to verify and manage identity, compliance, and risk in real-time. By streamlining these processes, Middesk enables companies to onboard customers and partners more efficiently, reducing friction and increasing trust in their business relationships."""
"Blackbaud, Inc.","""Blackbaud, Inc. is a leading provider of cloud-based software and services for social good organizations, helping them to raise funds, manage relationships, and deliver programs more effectively. With a portfolio of solutions for fundraising, marketing, advocacy, and more, Blackbaud empowers nonprofits, foundations, and educational institutions to achieve their missions and make a greater impact."""
Intuit Inc.,"""Intuit Inc. is a global financial technology company that empowers consumers, small businesses, and accounting professionals to improve their financial lives through its innovative financial management tools and services. With a portfolio of well-known brands including TurboTax, QuickBooks, and Mint, Intuit helps its customers manage their finances, pay their employees, and file their taxes with ease and confidence."""
NVIDIA Corporation,"""NVIDIA Corporation is a technology company that designs and manufactures graphics processing units and high-performance computing hardware for gaming, professional visualization, and artificial intelligence applications. The company's innovative products and solutions enable developers to create immersive and interactive experiences, driving growth in industries such as gaming, automotive, and healthcare."""
"Privia Health Group, Inc.","""Privia Health Group, Inc. is a national physician practice management company that partners with top physicians to improve healthcare quality, reduce costs, and enhance the patient experience. Through its platform, Privia Health enables independent physicians to remain independent, practice medicine with greater ease, and thrive in a rapidly changing healthcare environment."""
Sportradar Group AG,"""Sportradar Group AG is a global leader in the sports technology and data industry, providing innovative solutions to sports federations, leagues, and media companies. The company delivers cutting-edge technology, data, and content to help its partners succeed in the ever-changing sports landscape, leveraging its expertise in sports data, betting, and digital media."""
"BGC Group, Inc.","""BGC Group, Inc. is a leading global financial services company that specializes in brokerage, technology, and financial services, providing innovative solutions to clients across various markets. With a strong presence in major financial hubs, the company offers a range of products and services, including brokerage, trading, and investment banking, to institutional and corporate clients worldwide."""
"Grand Canyon Education, Inc.","""Grand Canyon Education, Inc. is a leading provider of educational services, operating Grand Canyon University, an accredited online and campus-based institution that offers a wide range of undergraduate and graduate degree programs. The company's mission is to provide high-quality, affordable education to a diverse student body, with a focus on academic excellence, innovation, and student success."""