ABCIN,physical_inventory_indicator,Physical Inventory Indicator for Cycle Counting
ABFAC,air_bouyancy_factor,Air Bouyancy Factor
ABGRU,reason_for_rejection,Reason for Rejection of Sales Documents
ABLAD,unloading_point,Unloading Point
ABSTA,rejection_status,Rejection Status (Item)
ABUEB,release_creation_profile,Release Creation Profile
ADDR_SHORT_S,short_formatted_address,One-line short form of formatted address
ADDR_SHORT,formatted_address,One-line short form of formatted address
ADDRCOMM,address_number,Address Number
ADDRNUMBER,address,Address Number
ADRNR,address,Address
AEDAT,changed_on,Date of Last Change
AEKLK,net_change_costing,Stock Transfer Net Change Costing
AENAM,changed_by,Name of person who changed object
AESZN,document_change_number,Document change number (without document management system)
AFNAM,requisitioner,Name of requisitioner/requester
AGREL,settlement_management,Indicator: Relevant for Settlement Management
AKONT,reconciliation_account,Reconciliation Account in General Ledger
AKSTL,requesting_cost_center,Requesting cost center
AKTIV,asset_capitallization_date,Asset Capitalization Date
AKTNR,promotion,Promotion
AKTWE,current_goods_receipt_quantity,Current goods receipt quantity in order unit
ALAV,shipping_notified,Points score: Shipping notif. GR date - notified date
ALIEF,deliveries_number,Number of deliveries
ALTITUDE,geo_location_height,Geo location height
ALTKN,previous_account_number,Previous Master Record Number
ALTSL,selection_method,Method for Selecting Alternative Bills of Material
ANGDT,quotation_valid_from,Quotation/Inquiry is Valid From
ANLKL,asset_class,Asset Class
ANLN1,main_asset_number,Main Asset Number
ANLN2,asset_subnumber,Asset Subnumber
ANLUE,asset_super_number,Asset Super Number
ANRED,title,Title
ANTLF,maximum_partial_deliveries,Maximum Number of Partial Deliveries Allowed Per Item
ANZAU,number_of_orders,Number of Orders
ANZAUPO,order_items,Number of Order Items
ANZFK,number_billing_documnets,No.of billing docs
ANZFKPOS,number_billing_items,Number of billing items
ANZLI,number_deliveries,No. of deliveries
ANZLIPOS,number_delivery_items,Number of delivery items
APLAL,group_counter,Group Counter
APOPLANNED,planning_in_apo,Planning in APO
APRIO,order_priority,Order priority
ARECH,invoices,Number of Invoices for Suppliers
AREWR,gr_ir_clearing_value_lc,GR/IR account clearing value in local currency
AREWW,gr_ir_clearing_value_fc,Clearing value on GR/IR clearing account (transac. currency)
ARKUEMW,tax_invoice_reduction,Sales Tax Portion of Automatic Invoice Reduction Amount
ARKUEN,automatic_invoice_reduction,Automatic Invoice Reduction Amount (Net)
ATPKZ,replacement_part,Replacement part
ATTYP,material_category,Material Category
AUART,sales_document_type,Sales Document Type
AUBEL,sales_document,Sales Document
AUFNR,order_number,Order Number
AUFPL,operation_task_list_number,Routing number of operations in the order
AUFSD,order_block_sales_area,Customer order block (sales area)
AUFTL,splitting_indicator,Splitting Indicator
AUGBL,clearing_document,Document Number of the Clearing Document
AUGDT,order_reason,Clearing Date
AUGRU,order_reason,Order Reason (Reason for the Business Transaction)
AUPOS,sales_document_item,Sales Document Item
AUSDT,effective_out_date,Effective-Out Date
AUSME,unit_of_issue,Unit of issue
AUSSS,assembly_scrap,Assembly scrap in percent
AUTLF,complete_delivery,Complete Delivery Defined for Each Sales Order?
AUTRU,reset_automatically,Reset Forecast Model Automatically
AUTYP,order_category,Order category
AWAHR,order_probability,Order Probability of the Item
AWBUK,reference_company_code,Company Code for Reference Document Number
AWGJA,reference_document_year,Document Year for Reference Document Number
AWKEY,object_key,Object key
AWKOK,reference_controlling_area,Controlling Area for Reference Document Number
AWREF,reference_document,Reference document number
AWSLS,variance_key,Variance Key
AWTYP,reference_procedure,Reference procedure
BAHNS,train_station,Train station
BASE_UNIT,base_unit_of_measure,Base Unit of Measure
BASME,base_unit_of_measure_1,Base Unit of Measure for BOM
BBBNR,international_location_number_1,International location number  (part 1)
BBSNR,international_location_number_2,International location number (Part 2)
BEARZ,processing_time,Processing time
BEDAT,purchasing_document_date,Purchasing Document Date
BEDPL,requirement_planning,Activating requirements planning
BEGRU,authorization_group,Authorization Group
BEHVO,container_requirements,Container requirements
BELNR,accounting_document_number,Accounting Document Number
BESKZ,procurement_type,Procurement Type
BETOL,po_tolerance,Number of days for PO tolerance - Compress info records - SU
BEWAE,purchase_order_currency,Purchase order currency
BEZNK,unplanned_delivery_costs,Unplanned Delivery Costs
BFLME,logistical_variants,Generic Material with Logistical Variants
BISMT,old_material_number,Old material number
BKLAS,valuation_class,Valuation Class
BKTXT,document_header_text,Document Header Text
BLANZ,number_of_sheets,Number of sheets (without Document Management system)
BLART,document_type,Document type
BLATT,page_number,Page number of document (without Document Management system)
BLDAT,document_date,Document Date in Document
BLIND,document_index_active,Indicator: Doc. index compilation active for purchase orders
BLNKZ,subsidy_indicator,(Obsolete) Subsidy Ind. for Determining the Reduction Rate
BMATN,inventory_material_number,Number of firm's own (internal) inventory-managed material
BMENG,confirmed_quantity,Confirmed Quantity
BNBTR,delivery_costs,Delivery costs in local currency
BNDDT,quotation_valid_to,Date Until Which Bid/Quotation is Binding (Valid-To Date)
BOIDT,rebate_index,Start of validity per.for the rebate index for the customer
BOIND,subsequient_settlement_index,Indicator: index compilation for subseq. settlement active
BOKRE,rebate_relevant,Indicator: Customer Is Rebate-Relevant
BOLRE,subsequient_settlement,Indicator: vendor subject to subseq. settlement accounting
BONBA,rebate_basis,Rebate basis 1
BONUS,volume_rebate_group,Volume rebate group
BOPNR,load_building_restriction_profile,Restriction Profile for PO-Based Load Building
BPMNG,quantity_purchase_order_price_unit,Quantity in Purchase Order Price Unit
BPRBM,quantity_invoiced_po_price_units,Quantity Invoiced in Supplier Invoice in PO Price Units
BPREM,invoice_receipt_quantity,Invoice receipt quantity in order price unit
BPRME,order_price_unit,Order Price Unit (Purchasing)
BPUMN,denominator_quantity_conversion,Denominator for Conv. of Order Price Unit into Order Unit
BPUMZ,numerator_quantity_conversion,Numerator for Conversion of Order Price Unit into Order Unit
BPWEM,goods_receipt_quantity,Goods Receipt Quantity in Purchase Order Price Unit
BRAND_ID,brand,Brand
BREIT,width,Width
BRGEW,gross_weight,Gross weight
BRSCH,industry_key,Industry key
BRTWR,gross_value,Gross value of the billing item in document currency
BSART,purchasing_document_type,Purchasing Document Type
BSCHL,posting_key,Posting Key
BSGRU,reason_for_ordering,Reason for Ordering
BSKRF,inventory_correction_factor,Inventory Correction Factor
BSMNG,quantity_ordered,Quantity ordered against this purchase requisition
BSTAE,confimration_control,Confirmation Control Key
BSTAT,document_status,Document Status
BSTAUS,logistics_stock_values,Stock Values in the Logistics Information System
BSTME,purchase_order_unit,Purchase Order Unit of Measure
BSTTYP,stock_category_logistics,Stock categories in the Logistics Information System
BSTYP,purchasing_document_category,Purchasing Document Category
BTGEW,total_weight,Total Weight
BUBKZ,check_digit,Check digit for the international location number
BUDAT,posting_date,Posting Date in the Document
BUDGET_PD,budget_period,Budget Period
BUILDING,building,Building (Number or Code)
BUKRS,company_code,Company Code
BUSAB,accounting_clerk_abbreviation,Accounting Clerk Abbreviation
BUZEI,line_item,Number of Line Item Within Accounting Document
BUZID,line_item_identification,Identification of the Line Item
BWAPPLNM,application_component,Application Component
BWART,movement_type,Movement type (inventory management)
BWBREL,stock_relevance,BW: Stock Relevance
BWCOUNTER,unique_identification,BW: Unique Identification of Line Item
BWGEO,cost_value_local_currency,BW: Cost Value in Local Currency
BWGVO,retail_value_local_currency,BW: Retail Value in Local Currency
BWGVP,retail_tax_local_currency,BW: Retail Value with Tax in Local Currency
BWKEY,valuation_area,Valuation area
BWMNG,quantity_in_base_unit,BW: Quantity in Base Unit of Measure
BWPSPEX,wbs_element_external,Work Breakdown Structure Element (External)
BWSCL,source_of_supply,Source of Supply
BWSTSYS0,system_status,System Status
BWSTSYS1,status_object_confirmation,Status Object Confirmation
BWSTSYS2,status_object_delivered,Status Object Delivered
BWTAR,valuation_type,Valuation Type
BWTTY,valuation_category,Valuation Category
BWVOR,procurement_rule,Procurement rule
BWVORG,transfer_process,SAP BW transaction key
BZIRK,sales_district,Sales District
BZQHL,regular_supplier,Take Regular Supplier into Account
CADKZ,cad_indicator,CAD Indicator
CARE_CODE,care_code,"Care Codes (such as Washing Code, Ironing Code, etc.)"
CAUFN,internal_order,Internal Order
CCFIX,cc_indicator_fixed,CC indicator is fixed
CESSION_KZ,accounts_receivable_pledging_indicator,Accounts Receivable Pledging Indicator
CHARG,batch_number,Batch Number
CHAZV,batch_status_management,Indicator: batch status management active
CHSPL,batch_split_allowed,Batch split allowed
CITY_CODE,city_code,City code for city/street file
CITY_CODE2,city_po_box_code,City PO box code (City file)
CITY1,city,City
CITY2,district,District
CITYC,city_code,City Code
CITYH_CODE,different_city_code,Different City Coding for City/Street File
CITYP_CODE,district_code,District code for City and Street file
CMENG,corrected_quantity,Corrected quantity in sales unit
CMETH,quantity_conversion_method,Quantity Conversion Method
CMKUA,credit_data_exchange_rate,Credit data exchange rate for requested delivery date
COBL_NR,sequential_number,Four Character Sequential Number for Coding Block
COLOR_ATINN,internal_charactieristic_number,Internal Charactieristic Number for Color Characteristics
COLOR,colors_of_variants,Characteristic Value for Colors of Variants
COMP_CODE,company_code,Company Code
COMPL,material_completion_level,Material completion level
COMPONENT_DES,material_description_1,Material description
COMPONENT,material_number_1,Material Number
CONF_QTY,confirmed_quantity_availability,Confirmed quantity for availability check in SKU
CONFS,confirmed_status_company_code_level,Status of Change Authorization (Company Code Level)
CONS_PERC,consumption_in_percentage,Consumption in Percentage
CONSNUMBER,sequence_number,Sequence Number
COPAM,local_field_name,Local field name for CO/PA link to SOP
COUNC,country_code,County Code
COUNTRY,country_key,Country Key
CPUDT,entry_date,Day On Which Accounting Document Was Entered
CUOBF,internal_object_number,Internal object number
CUOBJ,internal_object_number,Internal object number
CUOBV,material_internal_object_number,Internal object number of configurable material for planning
CURRENCY,currency_key,Currency Key
CURT2,second_local_currency,Currency Type of Second Local Currency
CURT3,third_local_currency,Currency Type of Third Local Currency
CURTYPE,currency_type,Currency Type
DATAB,valid_from,Valid-From Date
DATE_FROM,valid_from,Valid-from date - in current Release only 00010101 possible
DATE_TO,valid_to_date,Valid-to date in current Release only 99991231 possible
DATEFROM,valid_from,Date for Beginning of Validity
DATETO,valid_to,Date Validity Ends
DATLT,data_line,Data communication line no.
DATLZ,last_interest_calculation,Date of Last Interest Calculation Run
DEAKT,deactivation_date,Deactivation Date
DELAY_UNIT,unit_of_delay,Order Report: Unit of a Delay
DEP_STORE,superior_department_store,Superior Department Store
DFZEH,unit_execution_time,Unit of measure for execution time
DFZEXEH,unit_execution_time_exact,Unit for execution time (exact)
DIFFMW,sales_tax_difference,Sales Tax Portion of the Invoice Verification Difference
DIFFN,document_balance,Document Balance
DIRECT_PROC_IND,direct_procurement_indicator,Direct procurement indicator
DISGR,mrp_group,MRP Group
DISKZ,storage_location_mrp_indicator,Storage location MRP indicator
DISLS,lot_sizing_procedure,Lot Sizing Procedure within Materials Planning
DISMM,mrp_type,MRP Type
DISPO,mrp_controller,MRP Controller
DISPR,mrp_profile,Material: MRP profile
DISST,low_level_code,Low-Level Code
DLINL,date_of_last_count,Date of Last Posted Count
DMBE2,second_local_currency_amount,Amount in Second Local Currency or Group Currency
DMBE3,third_local_currency_amount,Amount in Third Local Currency or First Freely-Def. Currency
DMBTR,local_currency_account,Amount in local currency
DMHA2,credit_amount_local_currency_2,Credit Amount in Second Local Currency
DMHA3,credit_amount_local_currency_3,Credit Amount in Third Local Currency
DMHAB,credit_amount_local_currency,Credit Amount in Local Currency
DMSH2,debit_credit_amount_local_currency_2,Amount in Second Local Currency with +/- Sign
DMSH3,debit_credit_amount_local_currency_3,Amount in Third Local Currency with +/- Sign
DMSHB,debit_credit_amount_local_currency,Amount in Local Currency with +/- Signs
DMSO2,debit_amount_local_currency_2,Debit Amount in Second Local Currency
DMSO3,debit_amount_local_currency_3,Debit Amount in Third Local Currency
DMSOL,debit_amount_local_currency,Debit Amount in Local Currency
DTAMS,date_medium_exchange_indicator,Report key for data medium exchange
DTAWS,instruction_key,Instruction key for data medium exchange
DZEIT,in_house_production,In-house production time
EAN11,international_article_number,International Article Number (EAN/UPC)
EANNR,european_article_number,European Article Number (EAN) - obsolete!!!!!
EAUFN,investment_order,Investment Order
EBELN,purchasing_document_number,Purchasing Document Number
EBELP,item_number,Item Number of Purchasing Document
EDATU,delivery_date,Schedule line date
EIKTO,account_at_customer,Shipper's (Our) Account Number at the Customer or Vendor
EKGRP,purchasing_group,Purchasing Group
EKORG,purchasing_organization,Purchasing organization
EKVBD,buying_group,Account Number of Buying Group
EKWSL,purchasing_value_key,Purchasing Value Key
ELIKZ,delivery_completed,"""Delivery Completed"" Indicator"
ELOCTYPE,executing_location_type,Type of Executing Location
EMATN,material_number_1,Material number
ENTAR,disposal_type,Disposal type
EPRIO,withdrawal_sequence_group,Withdrawal Sequence Group for Stocks
ERDAT,created_on,Date on which the record was created
EREKZ,final_invoice,Final Invoice Indicator
ERFME,unit_of_entry,Unit of entry
ERFMG,quantity_unit_of_entry,Quantity in unit of entry
ERGEI,unit_of_weight,Unit of weight (allowed packaging weight)
ERGEW,allowed_packaging_weight,Allowed packaging weight
ERNAM,created_by,Name of Person who Created the Object
ERSDA,created_on,Created On
ERVOE,volume_unit_1,Volume unit (allowed packaging volume)
ERVOL,allowed_packaging_volume,Allowed packaging volume
ERZET,entry_time,Entry time
ESRNR,isr_subscriber_number,ISR subscriber number
ETENR,schedule_line_number,Schedule Line Number
ETIAG,labeling_material_grouping,IS-R Labeling: material grouping (deactivated in 4.0)
ETIAR,label_type,Label type
ETIFO,label_form,Label form
ETRMP,planned_opening_date,Opening Date of the Planned Order
ETTYP,schedule_line_category,Schedule line category
EXECLOC,executing_location,Executing Location
EXPME,commodity_code_unit,Unit of measure for commodity code (foreign trade)
EXPPG,preference_indicator,Preference indicator (deactivated)
EXPVZ,mode_of_transport,Mode of Transport at the Border (Intrastat)
EXTENSION1,extension_data_line,Extension (only for data conversion) (e.g. data line)
EXTENSION2,extension_telebox,Extension (only for data conversion) (e.g. telebox)
EXTWG,external_material_group,External Material Group
EXVER,export_indicator,Export indicator (deactivated)
FA_GLFT,delivered,Order has status DELIVERED
FABKL,factory_calendar,Factory calendar key
FACELOC,customer_facing_location,Customer-Facing Location
FAKSD,central_billing_block,Billing block for customer (sales and distribution)
FAKSK,billing_block,Billing Block in SD Document
FAKSP,billing_block_2,Billing Block for Item
FAREG,billing_rule,Rule in billing plan/invoice plan
FASHGRD,fashion_grade,Fashion Grade
FAX_EXTENS,fax_extension,First fax no.: extension
FAX_NUMBER,fax_number,First fax no.: dialling code+number
FAXDISPLAY,display_fax_number,Display Format for Fax Number
FBUDA,services_rendered_date,Date on which services are rendered
FCURR,,Exchange Source Currency
FDGRV,planning_group,Planning Group
FERTH,production_memo,Production/inspection memo
FEVOR,production_supervisor,Production Supervisor
FFACT,,Ratio for the From Currency Units
FFREI,automatic_release,Release indicator for production orders
FHORI,scheduling_margin_key,Scheduling Margin Key for Floats
FIBER_CODE1,fiber_code_component_1,Fiber Code for Textiles (Component 1)
FIBER_CODE2,fiber_code_component_2,Fiber Code for Textiles (Component 2)
FIBER_CODE3,fiber_code_component_3,Fiber Code for Textiles (Component 3)
FIBER_CODE4,fiber_code_component_4,Fiber Code for Textiles (Component 4)
FIBER_PART1,percentage_share_1,Percentage Share of Fiber (Component 1)
FIBER_PART2,percentage_share_2,Percentage Share of Fiber (Component 2)
FIBER_PART3,percentage_share_3,Percentage Share of Fiber (Component 3)
FIBER_PART4,percentage_share_4,Percentage Share of Fiber (Component 4)
FIKRS,financial_management_area,Financial Management Area
FIPOS,commitment_item,Commitment Item
FISCPER,fiscal_year_period,Fiscal year / period
FISCVAR,fiscal_year_variant,Fiscal year variant
FISCVARNT,fiscal_year_vatiant,Fiscal year variant
FISKN,fiscal_address,Account number of the master record with fiscal address
FISTL,funds_center,Funds Center
FKART,billing_type,Billing Type
FKBER,functional_area,Functional Area
FKDAT,billing_date,Billing Date
FKIMG,actual_billing_quantity,Actual billed quantity
FKLMG,billing_quantity_stockkeeoing_unit,Billing quantity in stockkeeping unit
FKTYP,billing_category,Billing Category
FLOCTYPE,customer_facing_location_type,Type of Customer-Facing Location
FLOOR,floor_in_building,Floor in building
FORMT,page_format_1,Page Format of Production Memo
FREE_CHAR,free_characteristic_value,Characteristic Value for Evaluation Purposes
FRGRP,release_approval_group,Release Approval Group
FRTME,production_unit,Production unit
FTRMI,actual_release_date,Actual release date
FTRMP,planned_release_date,Planned Release Date
FTRMS,scheduled_release_date,Scheduled release date
FUELG,maximum_level,Maximum level (by volume)
FXHOR,planning_time_fence,Planning time fence
GBDAT,date_of_birth,Date of Birth of the Person Subject to Withholding Tax
GBORT,place_of_birth,Place of birth of the person subject to withholding tax
GDLGRP,evaluation_group_5,Evaluation Group 5
GEBER,fund,Fund
GETRI,actual_finish_date,Confirmed Order Finish Date
GEWEI,weight_unit,Weight Unit
GEWTO,excess_weight_tolerance,Excess Weight Tolerance for Handling unit
GJAHR,fiscal_year,Fiscal Year
GLTRP,basic_finish_date,Basic finish date
GLTRS,scheduled_finish,Scheduled finish
GLVOR,business_transaction,Business Transaction
GPLAB,planned_retirement_date,Planned Retirement Date
GPMKZ,rough_cut_planning,Indicator: Material Included in Rough-Cut Planning
GRANT_NBR,grant,Grant
GRICD,activity_code_gross_income_tax,Activity Code for Gross Income Tax
GRIDT,distribution_type,Distribution Type for Employment Tax
GROES,size_dimensions,Size/dimensions
GRUND,reason_for_movement,Reason for goods movment
GSBER,business_area,Business Area
GSTRI,actual_start_date,Actual start date
GSTRP,basic_start_date,Basic start date
GSTRS,scheduled_start,Scheduled start
GUZTE,credit_memo_payment_term,Payment Terms Key for Credit Memos
HBKID,house_bank,Short key for a house bank
HDR_MAT_DESCR,material_description_2,Material description
HDR_MATERIAL,material_number_2,Material Number
HDRVORG,transaction_purchasing_document,Transaction for Purchasing Document
HERBL,state_of_manufacture,State of manufacture
HERKL,country_of_origin,Country of Origin of Material (Non-Preferential Origin)
HERKR,region_of_origin,Region of Origin of Material (Non-Preferential Origin)
HKONT,general_ledger_account,General Ledger Account
HOEHE,height,Height
HOME_CITY,home_city,City (Different from Postal City)
HOME_FLAG,home_address,Recipient address in this communication type (mail sys.grp)
HOUSE_NUM1,house_number,House Number
HOUSE_NUM2,house_number_supplement,House number supplement
HWAE2,local_currency_2,Currency Key of Second Local Currency
HWAE3,local_currency_3,Currency Key of Third Local Currency
HWAER,local_currency,Local Currency
I_DFZ_EX,actual_execution_time_exact,Actual execution time (exact)
I_DFZ,actual_execution_time,Actual execution time
I_DLZ_EX,actual_lead_time_exact,Actual lead time (exact)
I_DLZ,actual_lead_time,Actual lead time
IAMNG,actual_scrap_quantity,Actual scrap quantity from an order item
IHIVI,highly_viscous,Indicator: Highly Viscous
ILOOS,in_bulk_liquid,Indicator: In Bulk/Liquid
INCO1,incoterms_part_1,Incoterms (Part 1)
INCO2,incoterms_part_2,Incoterms (Part 2)
INHAL,net_contents,Net contents
INHBR,gross_contents,Gross contents
INHME,content_unit,Content unit
INKEN,inventory_indicator,Inventory Indicator
INSMK,stock_type,Stock Type
INTAD,clerk_internet_address,Internet address of partner company clerk
INVKZ,physical_inventory,Indicator: Movement type is physical inventory
INVNR,inventory_number,Inventory Number
IPRKZ,shelf_life_expiration_date,Period Indicator for Shelf Life Expiration Date
ITARK,military_goods,Indicator: Military goods
ITEM_CAT,item_type,EA Retail BW Extr. Enhancement: Item Type
IVTYP,invoice_verification_category,Origin of a Logistics Invoice Verification Document
IWERK,planning_plant,Maintenance Planning Plant
KALKS,customer_price_procedure,Customer Classification for Pricing Procedure Determination
KALSK,schems_group_supplier,Group for Calculation Schema (Supplier)
KAUSF,component_scrap,Component Scrap in Percent
KAUTB,automatic_purchase_order,"Indicator: ""automatic purchase order allowed"""
KBMENG,cumulative_confirmed_quantity_sales_unit,Cumulative Confirmed Quantity in Sales Unit
KDATB,validity_period_start,Start of Validity Period
KDATE,validity_period_end,End of Validity Period
KDAUF,sales_order_number,Sales Order Number
KDEIN,sales_order_schedule,Delivery schedule for sales order
KDGRP,customer_group,Customer Group
KDPOS,sales_order_item,Item number in Sales Order
KEINH,capacity_unit,Unit of Measure for Capacity Requirements
KKBER,credit_control_area,Credit control area
KKOWK,condition_plant_level,Indicator: Conditions at plant level
KLABC,abc_classification,Customer classification (ABC analysis)
KLMENG,cumulative_confirmed_quantity_base_unit,Cumulative Confirmed Quantity in Base Unit
KMEIN,condition_unit,Condition Unit
KNRZB,alternative_payer,Account number of an alternative payer
KNRZE,head_office,Head office account number (in branch accounts)
KNTTP,account_assignment_category,Account Assignment Category
KNUMA_AG,sales_deal,Sales deal
KOART,account_type,Account type
KOKRS,controlling_area,Controlling Area
KOMKZ,picking_indicator,Indicator for picking control
KONDA,customer_price_group,Customer Price Group
KONNR,outline_agreement,Number of principal purchase agreement
KONZS,group_key,Group key
KOQUA,picking_confirmation,Confirmation status of picking/putaway
KORDB,source_list,Indicator: Source list requirement
KORR,inventory_correction,Indicator: Movement type is inventory correction
KOSCH,product_allocation,Product allocation determination procedure
KOSTA,picking_status,Picking Status/Putaway Status (Item)
KOSTL,cost_center,Cost Center
KOSTLV,responsible_cost_Center,Cost Center Responsible for Asset
KOSTV,responsible_cost_center,Responsible cost center
KPEIN,condition_pricing_unit,Condition Pricing Unit
KRAUS,credit_information_number,Credit Information Number
KSTRG,cost_object,Cost Object
KSUMS,capacity_requirement,Total target capacity requirements
KTGRD,account_assignment_group,Account Assignment Group for this customer
KTMNG,target_quantity,Target Quantity
KTOCK,reference_account_group,Reference Account Group for One-Time Account (Vendor)
KTOGR,account_determination,Account Determination
KTOKK,vendor_account_group,Vendor account group
KTOPL,chart_of_accounts,Chart of Accounts
KTOSL,transaction_key,Transaction Key
KTPNR,principal_agreement_item,Item number of principal purchase agreement
KULTG,check_cashing_time,Probable Time Until Check Is Paid
KUNAG,sold_to_party,Sold-To Party
KUNNR,customer_number,Ship-to party
KUNRG,payer,Payer
KUNUM,customer_number,Customer Number
KURRF,exchange_rate_accounting,Exchange rate for FI postings
KURSK_DAT,translation_date,Translation date
KURSK,exchange_rate,Exchange Rate for Price Determination
KURST,exchange_rate_type,Exchange Rate Type
KVAKZ,cost_estimate,Cost estimate indicator (inactive)
KVAWT,maximum_cost_estimate,Value limit for cost estimate (inactive)
KVERM,account_memo,Memo
KVGR1,customer_group_1,Customer group 1
KVGR2,customer_group_2,Customer group 2
KVGR3,customer_group_3,Customer group 3
KVGR4,customer_group_4,Customer group 4
KVGR5,customer_group_5,Customer group 5
KWMENG,cumulative_order_quantity,Cumulative order quantity in sales units
KZABS,acknowledgment_required,Order Acknowledgment Requirement
KZAUS,discontinuation_indicator,Discontinuation indicator
KZAUT,automatic_purchase_order,Automatic Generation of Purchase Order Allowed
KZAZU,order_combination_indicator,Order Combination Indicator
KZBED,requirements_group,Indicator for Requirements Grouping
KZBEW,movement_indicator,Movement Indicator
KZBWS,special_stock_valuation,Valuation of Special Stock
KZDIE,mrp_controller_buyer,Indicator: MRP controller is buyer (deactivated)
KZDKZ,documentation_required,Documentation required indicator
KZECH,batch_entry,Determination of batch entry in the production/process order
KZEFF,assign_effectivity_values,Assign effectivity parameter values/ override change numbers
KZGVH,closed,Packaging Material is Closed Packaging
KZILE,restricted_use_stock,Physical inventory indicator for restricted-use stock
KZILL,warehouse_stock_current_year,Physical inventory indicator for whse stock in current year
KZILQ,quality_inspection_stock_cy,Phys. inventory ind. f. stock in qual. insp. in current year
KZILS,blocked_stock_1,Physical inventory indicator for blocked stock
KZKFG,configurable_material,Configurable Material
KZKFK,correction_factors,Indicator: take correction factors into account
KZKRI,critical_part,Indicator: Critical part
KZKUP,material_co_product,Indicator: Material can be co-product
KZMAB,quantity_deviation,Indicator: relevant quantity deviation
KZNFM,follow_up_material,Indicator: The material has a follow-up material
KZPOS,item_counter,"Indicator: item counter relevant (R/2->R/3 link, schd.agmt)"
KZPPV,inspection_plan_indicator,Indicator for inspection plan (deactivated)
KZPRO,withdrawal_production_bin,Indicator: withdrawal of stock from production bin
KZRET,returns_supplier,Indicates whether supplier is returns supplier
KZREV,revision_level_assigned,Revision Level Has Been Assigned to the Material
KZTAB,schedule_deviation,Indicator: relevant schedule deviation
KZTLF,partial_delivery,Partial delivery at item level
KZUMW,environmentally_relevant,Environmentally Relevant
KZVBR,consumption_posting,Consumption posting
KZVLE,restricted_use,"Physical inventory ind. for restricted-use stock, prev.pd"
KZVLL,warehouse_stock,Physical inventory indicator for stock in previous year
KZVLQ,quality_inspection_stock,Phys. inventory ind. f. stock in qual. insp. in prev. period
KZVLS,blocked_stock_2,Phys. inventory indicator for blocked stock in prev. period
KZWI1,subtotal_1,Subtotal 1 from pricing procedure for condition
KZWI2,subtotal_2,Subtotal 2 from pricing procedure for condition
KZWI3,subtotal_3,Subtotal 3 from pricing procedure for condition
KZWI4,subtotal_4,Subtotal 4 from pricing procedure for condition
KZWI5,subtotal_5,Subtotal 5 from pricing procedure for condition
KZWI6,subtotal_6,Subtotal 6 from pricing procedure for condition
KZWSM,units_of_measure_usage,Units of measure usage
LABOR,laboratory_design_office,Laboratory/design office
LADGR,loading_group,Loading Group
LAEDA,last_change,Date of Last Change
LAENG,length,Length
LAGPR,storage_costs_code,Storage Costs Percentage Code
LAND1,country_key,Country Key
LANGU,language_key,Language Key
LATITUDE,geo_location_latitude,Geo location latitude
LAVI,shipping_notification,Points score: Shipping notification
LBLIF,receiving_supplier,Field not used
LCURR,local_currency,Currency key of the local currency
LDDAT,loading_date,Loading Date
LEAD_AUFNR,leading_order,Leading Order in Current Processing
LEAD_MATNR,leading_material,Material Number of Leading Order
LEBRE,service_based_invoice_verification,Indicator for Service-Based Invoice Verification
LET01,tolerance_1,Tolerance days - Dunning level 1
LET02,tolerance_2,Tolerance days - Dunning level 2
LET03,tolerance_3,Tolerance days - Dunning level 3
LFABC,abc_indicator,ABC indicator
LFABW,smoothing_factor,Smoothing Factor: Date Variance
LFART,delivery_type,Delivery Type
LFBNR,reference_document,Document No. of a Reference Document
LFDAT,delivery_date,Delivery Date
LFGJA,year_current_period,Fiscal Year of Current Period
LFIMG,delivery_quantity,Actual quantity delivered (in sales units)
LFMNG,minimum_delivery_quantity,Minimum Delivery Quantity in Delivery Note Processing
LFMON,current_period,Current period (posting period)
LFPOS,reference_documnet_item,Item of a Reference Document
LFRHY,planning_cycle,Planning cycle
LFZTA,total_delivery_time,Total delivery time in days
LGFSB,storage_location_external_procurement,Default storage location for external procurement
LGMNG,actual_delivery_quantity,Actual quantity delivered in stockkeeping units
LGNUM,warehouse_number,Warehouse Number / Warehouse Complex
LGORT,storage_location,Storage location
LGPBE,storage_bin,Storage Bin
LGPLA,storage_bin,Storage Bin
LGPRO,production_storage_location,Issue Storage Location
LGRAD,service_level,Service level
LGTYP,storage_type,Storage Type
LIBES,order_entry_supplier,Order entry by supplier
LIEFFMW,tax_in_supplier_error,Tax in Supplier Error
LIEFFN,supplier_error,Supplier Error (Exclusive of Tax)
LIFNR,vendors_account_number,Vendor's account number
LIFNR2,vendors_account_number_2,Vendor's account number
LIFRE,different_invoicing_party,Different Invoicing Party
LIFSD,delivery_block_sales_area,Customer delivery block (sales area)
LIFSK,delivery_block,Delivery Block (Document Header)
LIFSP,scheduled_line_blocked,Schedule Line Blocked for Delivery
LINE0,address_line_0,BP Address: Line 0
LINE1,address_line_1,BP Address: Line 1
LINE2,address_line_2,BP Address: Line 2
LINE3,address_line_3,BP Address: Line 3
LINE4,address_line_4,BP Address: Line 4
LINE5,address_line_5,BP Address: Line 5
LINE6,address_line_6,BP Address: Line 6
LINE7,address_line_7,BP Address: Line 7
LINE8,address_line_8,BP Address: Line 8
LINE9,address_line_9,BP Address: Line 9
LIPRE,supplier_price_marking,"Price marking, supplier"
LIQDT,deletion_date,Deletion date
LISER,rack_jobbing,Rack-jobbing: supplier
LIZYK,delivery_cycle,Delivery cycle
LLIEF,goods_supplier_1,Goods Supplier
LMEIN,base_unit_of_measure,Base Unit of Measure
LMENG,required_quantity,Required quantity for mat.management in stockkeeping units
LNRZA,alternative_payee,Account Number of the Alternative Payee
LOCATION,street_5,Street 5
LOCKB,lockbox,Key of the Lockbox to Which the Customer Is to Pay
LOCNR,customer_number,Customer Number
LOEVM,deletion_indicator_sales_area,Deletion flag for customer (sales level)
LOGSY,logical_system,Logical System
LOGSYS,logical_system,Logical system
LONGITUDE,geo_location_longitude,Geo location longitude
LPRIO,delivery_priority,Delivery Priority
LSMENG,required_delivery_qtuantity,Cumulative Required Delivery Qty (All Dlv-Relev.Sched.Lines)
LSOBS,special_procurement_type,Special procurement type at storage location level
LSTAR,activity_type,Activity Type
LSTEL,departure_loading_point,Loading Point
LTRMI,actual_delivery_date,Actual Delivery/Finish Date
LTRMP,planned_order_delivery_date,Delivery Date From Planned Order
LTSNA,vendor_sub_range_relevant,Indicator: vendor sub-range relevant
LVORM,client_level_deletion_flag,Flag Material for Deletion at Client Level
LWMKB,picking_area,Picking area for lean WM
LZEIH,time_unit,Unit for maximum storage period
MAABC,abc_indicator,ABC Indicator
MABW,quantity_variance,Variance in the quantity delivered as %
MAGRV,material_group_packaging_materials,Material Group: Packaging Materials
MAKZMW,tax_amount_accepted_manually,Tax Amount Accepted Manually
MAKZN,net_amount_accepted_manually,Manually accepted net difference amount
MANDT,client,Client
MAT_APPLID,application_id,Application ID for Manufacturing Dashboard
MAT_CONS_DEV_IND,single_character_flag,Single-Character Flag
MAT_GROUP,material_group,Material Group
MAT_REFRESH,checkbox,Checkbox
MAT_SHORTAGE_IND,material_shortage,Material Shortage
MAT_VARIANT,selection_variant,Selection Variant
MATERIAL,material_number,Material Number
MATKL,material_group,Material Group
MATNR,material_number,Material Number
MATPRICE,standard_price,Standard price
MATST,structured_material,Structured material
MATWA,material_entered,Material entered
MAUFNR,superior_order,Number of Superior Order
MAXBW,best_score,Best Score
MAXLZ,maximum_storage_period,Maximum Storage Period
MBDAT,material_availability_date,Material Staging/Availability Date
MBLNR,material_document,Number of Material Document
MBRSH,industry_sector,Industry Sector
MCBW_ANZPK,number_packages,Extraction BW: Number of Packages per Delivery
MCBW_NETPR_AVKM,net_price_sales_quantity,BW: Net Price Referring to Sales Quantity for Order Item
MCEX_APCAMPAIGN,campaign_order_item,Campaign of referred sales order item for BW-Extraction
MCOD1,matchcode_name_1,Search term for matchcode search
MCOD2,matchcode_name_2,Search term for matchcode search
MCOD3,matchcode_city,Search term for matchcode search
MDACH,action_control,Action control: planned order processing
MDJIN,physical_inventory_indicator,Fiscal year of current physical inventory indicator
MDRUE,mardh_record,MARDH rec. already exists for per. before last of MARD per.
MEABM,unit_of_dimension,Unit of Dimension for Length/Width/Height
MEGRU,unit_of_measure_group,Unit of Measure Group
MEINS,base_unit_of_measure,Base Unit of Measure
MENGE,order_quantity,Quantity
MEPRF,price_date_control,Price Determination (Pricing) Date Control
MFRNR,manufacturer_number,Manufacturer number
MFRPN,manufacturer_part_number,Manufacturer Part Number
MGABW,smoothing_factor_quality_variance,Smoothing Factor: Quantity Variance
MGRUP,grouping_key_1,Key for Dunning Notice Grouping
MHDHB,total_shelf_life,Total shelf life
MHDLP,storage_percentage,Storage percentage
MHDRZ,minimum_remaining_shelf_life,Minimum Remaining Shelf Life
MINBW,minimum_order_value,Minimum order value
MISKZ,mixed_mrp_indicator,Mixed MRP indicator
MJAHR,material_document_year,Material Document Year
MLGUT,empties_bill_of_material,Empties Bill of Material
MMSTA,plant_specific_material_status,Plant-Specific Material Status
MMSTD,valid_from,Date from Which the Plant-Specific Material Status Is Valid
MONAT,posting_period,Fiscal period
MPDAU,mean_inspection_duration,Mean inspection duration (deactivated)
MPROF,manufacturer_part_profile,Mfr part profile
MRM_ZLSPR,logistics_payment_block,Logistics payment block
MRNKZ,manual_invoice_maintenance,Manual Invoice Maintenance
MRPPP,planning_calendar,PPC Planning Calendar
MSTAE,cross_plant_material_status,Cross-Plant Material Status
MSTAV,cross_distribution_chain_status,Cross-distribution-chain material status
MSTDE,cross_plant_valid_from,Date from which the cross-plant material status is valid
MSTDV,cross_distribution_valid_from,Date from which the X-distr.-chain material status is valid
MTART,material_type,Material type
MTPOS_MARA,general_category_group,General item category group
MTVER,intrastat_material_group,Material Group for Intrastat
MTVFP,availability_check,Checking Group for Availability Check
MVGR1,material_group_1,Material group 1
MVGR2,material_group_2,Material group 2
MVGR3,material_group_3,Material group 3
MVGR4,material_group_4,Material group 4
MVGR5,material_group_5,Material group 5
MWART,tax_type,Tax Type
MWSBP,tax_amount,Tax amount in document currency
MWSKZ_BNK,tax_code,Tax Code
MWSKZ,tax_code,Tax on sales/purchases code
NAME_CO,co_name,c/o name
NAME1,name_1,Name 1
NAME2,name_2,Name 2
NAME3,name_3,Name 3
NAME4,name_4,Name 4
NATION,address_version,Version ID for International Addresses
NETPR,net_order_price,Net Price
NETWR,net_order_value,Net order value in order currency
NFMAT,follow_up_material,Follow-Up Material
NKMPR,next_inspection,Date according to check sampling inspection (deactivated)
NODEL,company_code_deletion_block,Deletion bock for master record (company code level)
NOHDR,counter_documents,Counter for Documents
NOPOS,counter_items,Counter for Items
NOQUAN,counter_quantity_interval,Counter for Quantity Interval
NOQUANTITY,no_quantity_logic,No quantity logic (document item without quantity)
NORMT,industry_standard_description,Industry Standard Description (such as ANSI or ISO)
NOTIME,counter_date_split,Counter for Date Split
NPLNR,network_number,Network Number for Account Assignment
NRFHG,discount_in_kind,Material qualifies for discount in kind
NRGEW,qualifying_discount_kind_granted,Indicator whether discount in kind granted
NSNID,nato_stock_number,NATO Stock Number
NTGEW,net_weight,Net weight
NUMTP,ean_category,Category of International Article Number (EAN)
OBJID,object_id,Object ID
OPEN_QTY,open_quantity,Open Quantity
OPER_DESCR,operation_short_text,Operation short text
OPERATION,activity,Operation/Activity Number
ORD41,evaluation_group_1,Evaluation group 1
ORD42,evaluation_group_2,Evaluation Group 2
ORD43,evaluation_group_3,Evaluation Group 3
ORD44,evaluation_group_4,Evaluation group 4
ORDER_NUMBER,order_number,Order Number
ORGLOGSY,original_logical_system,Logical System
ORT01,city,City
ORT02,district,District
OTYPE,object_type,Object Type
P_DLZ,planned_lead_time,Planned lead time
PABLA,unloading_point_ship_to_party,Unloading point of the ship-to party
PALAN,number_of_pallets,WMS Number of pallets
PAMNG,scrap_quantity,Fixed quantity of scrap from production
PAOBJNR,profitability_segment_number,Profitability Segment Number (CO-PA)
PAPRF,proact_control_profile,Profile for transferring material data via IDoc PROACT
PARGB,trading_partner_s_business_area,Trading partner's business area
PARTNER_GUID,business_partner_guid,Business Partner GUID
PARTNER,business_partner_number,Business Partner Number
PBEST,ordering_address,Ordering address
PEINH,price_unit,Price unit
PERFK,invoicing_dates,Invoice Dates (Calendar Identification)
PERIV,fiscal_year_variant,Fiscal Year Variant
PERKZ,period_indicator,Period Indicator
PERNR,personnel_number,Personnel Number
PERRL,invoice_list_schedule,Invoice List Schedule (calendar identification)
PERS_ADDR,personal_address,Flag: This is a personal address
PFACH,post_office_box,PO Box
PFORT,post_office_box_city,PO Box city
PFREI,automatic_fixing_planned_orders,Indicator: automatic fixing of planned orders
PGMNG,planned_order_quantity,Total planned order quantity
PI_FREI,planned_actual_scheduled_release_date,Planned/actual deviation in scheduled release date
PI_LIEF,planned_actual_scheduled_delivery_date,Planned/actual deviation in scheduled delivery date
PI_STAR,scheduled_start_date,Planned/actual deviation in scheduled start date
PKUNRE,bill_to_party,Bill-to party
PKUNRG,payer,Payer
PKUNWE,ship_to_party,Ship-to party
PLANT,plant,Plant
PLGRP,planner_group,Responsible Planner Group or Department
PLGTP,price_band_category,Price Band Category
PLIEF,partner_supplier,Supplier to whom Partner Roles have been Assigned
PLIFZ,planned_deliv_time,Planned Delivery Time in Days
PLIWK,supplying_plant,Supplying plant to which partner roles have been assigned
PLKAL,factory_calendar,Factory calendar key
PLNBEZ,material_number,Material Number
PLNNR,task_list_group,Key for Task List Group
PLNTY,task_list_type,Task List Type
PLNUM,planned_order,Planned Order
PLTYP,price_list_type,Price List Type
PLVAR,plan_version,Plan Version
PMATA,pricing_reference_material,Pricing Reference Material
PO_BOX_CTY,po_box_country,PO box country
PO_BOX_LOC,po_box_city,PO Box city
PO_BOX_NUM,po_box_without_number,Flag: PO Box Without Number
PO_BOX_REG,region_po_box,"Region for PO Box (Country, State, Province, ...)"
PO_BOX,po_box,PO Box
POSAR,item_type,Item Type
POSID,wbs_element,Work Breakdown Structure Element (WBS Element)
POSNR_VA,sales_document_item,Sales Document Item
POSNR,item_number,Item number of the SD document
POST_CODE1,city_postal_code,City postal code
POST_CODE2,po_box_postal_code,PO Box Postal Code
POST_CODE3,company_postal_code,Company Postal Code (for Large Customers)
PPRCT,partner_profit_center,Partner Profit Center
PRAT1,product_attribute_1,ID for product attribute 1
PRAT2,product_attribute_2,ID for product attribute 2
PRAT3,product_attribute_3,ID for product attribute 3
PRAT4,product_attribute_4,ID for product attribute 4
PRAT5,product_attribute_5,ID for product attribute 5
PRAT6,product_attribute_6,ID for product attribute 6
PRAT7,product_attribute_7,ID for product attribute 7
PRAT8,product_attribute_8,ID for product attribute 8
PRAT9,product_attribute_9,ID for product attribute 9
PRATA,product_attribute_10,ID for product attribute 10
PRCTL,profit_center,Profit Center
PRCTR,profit_center,Profit Center
PRDHA,product_hierarchy,Product hierarchy
PRECISID,precision_geo_location,"Precision (street, postal code, ...) of a Geo location"
PREFE,customs_preference,Customs Preference
PRENC,exemption_certificate,Exemption certificate: Indicator for legal control
PREND,issue_date_certificate,Exemption certificate: Issue date of exemption certificate
PRENE,vendor_declaration_code,Indicator: Vendor declaration exists
PRENG,vendor_declaration_date,Validity date of vendor declaration
PRENO,exemption_certificate_number,Exemption certificate number for legal control
PREST,invoicing_party,Invoicing party
PRFRE,price_determination,Relevant for price determination ID
PRFRQ,inspection_interval,Interval Until Next Recurring Inspection
PRICE_BASE,price_unit,Price unit
PRICE_CTRL,price_control_indicator,Price control indicator
PRICE_TYPE,price_type,Material Valuation in BW: Price Type (Valuation Method)
PRODH,product_hierarchy,Product hierarchy
PROFL,dangerous_goods_indicator_profile,Dangerous Goods Indicator Profile
PROJK,wbs_element_1,Work Breakdown Structure Element (WBS Element)
PROVG,commission_group,Commission group
PRSDT,pricing_date,Date for Pricing and Exchange Rate
PRZUS,product_composition,Indicator: Product composition printed on packaging
PS_FREI,planned_target_release_deviation,Planned/target deviation in scheduled release date
PS_LIEF,planned_target_delivery_deviation,Planned/target deviation in scheduled delivery date
PS_POSID,wbs_element_2,Work Breakdown Structure Element (WBS Element)
PS_PSP_PNR,wbs_element,Work Breakdown Structure Element (WBS Element)
PS_STAR,planned_target_start_deviation,Planned/target deviation in start date
PSAMG,scrap_quantity_item,Scrap quantity in item
PSMNG,order_item_quantity,Order Item Quantity
PSPDNR,forwarding_agent,Forwarding Agent
PSPID,project_definition,Project definition
PSTAT,maintenance_status,Maintenance status
PSTL2,po_box_postal_code,P.O. Box Postal Code
PSTLZ,postal_code,Postal Code
PSTYP,item_category,Item category in purchasing document
PSTYV,item_category,Sales document item category
PVRTNR,sales_employee,Sales employee
PWERK,planning_plant,Planning Plant for an Order
PWEV,compliance_shipping_instructions,Points score for compliance with shipping instructions
PWFR,on_time_delivery,Points score for on-time delivery
PWLIF,goods_supplier_2,Goods supplier
PWMT,quantity_reliability,Points score for quantity reliability
PWTT,on_time_delivery_performance,Points score for on-time delivery performance
PWWE,points_score_quality_services,Points score for quality of services
QMATA,qm_material_authorization,Material Authorization Group for Activities in QM
QMATV,inspection_setup,Inspection Setup Exists for Material/Plant
QMPUR,qm_procurement,QM in Procurement Is Active
QSSYS,target_qm_system,Required QM System for Supplier
QUAN_INT,interval_quantity_interval,Interval for Quantity Interval
QUAZT,quarantine_period,Quarantine period (deactivated)
QZGTP,certificate_type,Certificate Type
RAUBE,storage_conditions,Storage conditions
RBMNG,invoiced_document_quantity,Quantity Invoiced in Supplier Invoice in PO Order Units
RBNRM,catalog_profile,Catalog Profile
RBSTAT,invoice_document_status,Invoice document status
RBWWR,invoice_amount_document_currecny,Invoice Amount in Document Currency of Supplier Invoice
RCOMP,company,Company
RDMHD,rounding_rule_sled,Rounding rule for calculation of SLED
RDPRF,rounding_profile,Rounding Profile
REBZG,invoice_reference,Document No. of the Invoice to Which the Transaction Belongs
REBZJ,relevant_incoice,Fiscal Year of the Relevant Invoice (for Credit Memo)
REBZT,follow_on_document_type,Follow-On Document Type
REC_TYPE,record_type_ea_rt,EA Retail BW Extr. Enhancement: Data Record Type
REFWR,invoice_value,Invoice Value in Foreign Currency
REGIO,region,"Region (State, Province, County)"
REGIOGROUP,regional_structure_grouping,Regional structure grouping
REGION,region,"Region (State, Province, County)"
REMIT,next_payee,Next payee
REMNG,invoice_quantity,Quantity invoiced
REPOS,invoice_receipt,Invoice receipt indicator
REQ_DATE,requirements_date,Requirements date for the component
REQ_QTY,requirement_quantity,Requirement Quantity
RES_TIME,time_quantity_required,Time that reservation quantity required
RESVP,adjustment_period,Period of adjustment for planned independent requirements
RESWK,supplying_issuing_plant,Supplying (issuing) plant in case of stock transport order
RETKZ,return_from_call,Indicator: Return from call
RETPO,returns_item,Returns Item
REVDB,last_external_review,Last External Review
REWWR,foreign_currency_amount,Invoice Amount in Foreign Currency
RGEKZ,backflush,Indicator: Backflush
RMWWR,gross_invoice_amount,Gross Invoice Amount in Document Currency
ROCANCEL,cancel_data_record,Indicator: Cancel Data Record
ROOMNUMBER,room_apartment_number,Room or Apartment Number
ROUTE,shipment_route,Route
ROUTING_NUM,operations_task_list_number,Routing number of operations in the order
RPA_WGH1,material_group_hierarchy_level_1,Material group hierarchy level
RPA_WGH2,material_group_hierarchy_level_2,Material group hierarchy level
RPA_WGH3,material_group_hierarchy_level_3,Material group hierarchy level
RPA_WGH4,material_group_hierarchy_level_4,Material group hierarchy level
RUEZT,setup_time,Setup and teardown time
RWPRO,coverage_profile,Range of coverage profile
S_DFZ_EX,target_execution_time_exact,Target execution time (exact)
S_DFZ,target_execution_time,Target execution time
S_DLZ_EX,target_lead_time_exact,Target lead time (exact)
S_DLZ,target_lead_time,Target lead time
SAISJ,season_year,Season Year
SAISO,season_category,Season Category
SAITY,rollout_season,Rollout in a Season
SAKNR,gl_account_number,G/L Account Number
SAKTO,gl_account_number,G/L Account Number
SATNR,cross_plant_configurable_material,Cross-Plant Configurable Material
SAUFT,repetitive_manufacturing,Indicator: Repetitive Manufacturing Allowed
SAUTO,item_automatically_created,Item automatically created
SBDKZ,dependent_requirements_indicator,Dependent requirements ind. for individual and coll. reqmts
SCHGT,bulk_material,Indicator: bulk material
SCRAP_QTY,scrap_quantity,Scrap quantity
SEGMENT,segment,Segment for Segmental Reporting
SEQUENCE,sequence,Sequence
SERLV,serialization_level,Level of Explicitness for Serial Number
SERNP,serial_number_profile,Serial Number Profile
SERVG,isr_service_level,IS-R service level
SEXKZ,sex,Key for the Sex of the Person Subject to Withholding Tax
SFCPF,production_scheduling_profile,Production Scheduling Profile
SFEPR,repetitive_manufacturing_profile,Repetitive Manufacturing Profile
SGTXT,item_text,Item Text
SHFLG,safety_time_indicator,Safety time indicator (with or without safety time)
SHKZG,debit_credit_indicator,Debit/Credit Indicator
SHORTAGE_QTY,shortfage,Shortfage
SHZET,safety_time,Safety time (in workdays)
SI_FREI,target_actual_release_deviation,Target/actual deviation in scheduled release date
SI_LIEF,target_actual_delivery_deviation,Target/actual deviation in scheduled delivery date
SI_STAR,target_actual_start_deviation,Target/actual schedule deviation in start date
SIZE1_ATINN,internal_char_number_main,Internal Char. Number for Characteristics for Main Sizes
SIZE1,main_size,Characteristic Value for Main Sizes of Variants
SIZE2_ATINN,internal_char_number_second,Internal Char. Number for Characteristics for Second Sizes
SIZE2,second_size,Characteristic Value for Second Size for Variants
SKFBP,cash_discount_basis,Amount eligible for cash discount in document currency
SKRIT,sort_criterion,Supplier sort criterion for materials
SLOCTYPE,managing_location_type,Type of First Inventory-Managing Location
SMENG,scale_quantity,Scale Quantity in base unit of measure
SMTP_ADDR,email_address,E-Mail Address
SOBKZ,special_stock_indicator,Special Stock Indicator
SOBSK,special_procurement_costing,Special Procurement Type for Costing
SOBSL,special_procurement_type,Special procurement type
SORT1,search_term_1,Search Term 1
SORT2,search_term_2,Search Term 2
SORTL,sort_field,Sort field
SPARA,division_for_order_header,Division for order header
SPART,division,Division
SPERM,purchasing_organization_block,Purchasing block at purchasing organization level
SPERQ,block_function,Function That Will Be Blocked
SPERR,physical_inventory_blocking_indicator,Physical Inventory Blocking Indicator
SPERZ,payment_block,Payment Block
SPGRC,block_reason_quality,Blocking Reason: Quality
SPGRG,order_price_quantity,Blocking Reason: Order Price Quantity
SPGRM,blocking_reason_quantity,Blocking Reason: Quantity
SPGRP,blocking_reason_price,Blocking Reason: Price
SPGRQ,manual_blocking_reason,Manual Blocking Reason
SPGRS,blocking_reason_item_amount,Blocking Reason: Item Amount
SPGRT,blocking_reason_date,Blocking Reason: Date
SPGRV,blocking_reason_project_budget,Blocking Reason: Project Budget
SPRAS,language_key,Language Key
SPROF,pricing_profile,Pricing profile for variants
SPROZ,sample_percentage,Sample for quality inspection (in %) (deactivated)
SRCID,geo_location_source_id,Geo location data source ID/Geocoder ID
SREGL,selection_rule,Selection Rule for Payment Advices
SSQSS,qm_control_key,Control Key for Quality Management in Procurement
STADAT,statistics_date,Statistics date
STATU,status_of_purchasing_document,Status of Purchasing Document
STATUSPS,status_of_item,Status of FI Item
STAWN,commodity_code,Commodity Code
STBLG,reverse_document_number,Reverse Document Number
STCD1,tax_number_1,Tax Number 1
STCD2,tax_number_2,Tax Number 2
STCD3,tax_number_3,Tax Number 3
STCD4,tax_number_4,Tax Number 4
STCD5,tax_number_5,Tax Number 5
STCEG,vat_registration_number,VAT Registration Number
STCUR,exchange_rate_statistics,Exchange rate for statistics (Exch.rate at time of creation)
STDPD,configurable_material,Configurable material
STFAK,stacking_factor,Stacking factor
STJAH,year_of_reversal_document,Fiscal Year of Reversal Document
STKZA,sales_equalization_tax,Indicator: Business Partner Subject to Equalization Tax?
STKZN,natural_person,Natural Person
STKZU,liable_for_vat,Liable for VAT
STLAL,alternative_bom,Alternative BOM
STLAN,bom_usage,BOM Usage
STLMT_CTRL,material_price_determination,Material Price Determination: Control
STOCK_IND,special_stock_indicator,Special Stock Indicator
STOCKLOC,managing_location,First Inventory-Managing Location
STOFF,hazardous_material_number,Hazardous material number
STORAGE_LOC,storage_location,Storage location
STORETYPE,store_category,"Store Category to Differentiate Store, Dep. Store, Shop"
STORT,asset_location,Asset location
STR_SUPPL1,street_supplement_1,Street 2
STR_SUPPL2,street_supplement_2,Street 3
STR_SUPPL3,street_supplement_3,Street 4
STRAS,street_and_house_number,Street and House Number
STREET,street,Street
STREETCODE,street_number,Street Number for City/Street File
STRGR,planning_strategy_group,Planning Strategy Group
STRMP,planned_order_planned_start_date,Planned Order Planned Start Date
STWAE,statistics_currency,Statistics Currency
SUGRD,substitution_reason,Reason for material substitution
SYDAT,entry_date,Date on which the purchasing document was entered
TABW,delivery_date_variance,Delivery Date Variance in Days
TAKLV,tax_classification,Tax classification of the material
TAKZT,takt_time,Takt time
TAXIW,plant_tax_indicator,Tax Indicator: Plant (Purchasing)
TAXJURCODE,tax_jurisdiction,Tax Jurisdiction
TBTKZ,subsequent_debit_credit,Indicator: Subsequent Debit/Credit
TCURR,,Exchange Target Currency
TDDAT,transportation_planning_date,Transportation Planning Date
TEL_EXTENS,telephone_number_extension,First Telephone No.: Extension
TEL_NUMBER,telephone_number,First telephone no.: dialling code+number
TELBX,telebox_number,Telebox number
TELDISPLAY,display_telephone_number,Display Format for Telephone Number
TELF1,telephone_number,Supplier's Telephone Number
TELF2,telephone_2,Second telephone number
TELFX,fax_number,Fax Number
TELTX,teletex_number,Teletex number
TELX1,telex_number,Telex number
TEMPB,temperature_conditions_indicator,Temperature conditions indicator
TERKZ,scheduling_type,Scheduling type
TFACT,,Ratio for the To Currency Units
TIME_INT,interval_for_date_split,Interval for Date Split
TIME_ZONE,address_time_zone,Address time zone
TITLE,form_of_address_key,Form-of-Address Key
TLFNS,accounting_clerk_s_telephone_number,Accounting clerk's telephone number at business partner
TLFXS,accounting_clerk_s_fax_number,Accounting clerk's fax number at the customer/vendor
TOGRU,tolerance_group,Tolerance Group for Business Partner/G/L Account
TOTAL_DELAY,total_delay,Order Report: Own Delay + Delay of Lower Levels
TRAGR,transportation_group,Transportation Group
TRANSPZONE,transportation_zone,Transportation zone to or from which the goods are delivered
TRANZ,interoperation_time,Interoperation time
TXGRP,group_indicator,Group Indicator for Tax Line Items
TXJCD,tax_jurisdiction,Tax Jurisdiction
TXNAM_MA1,text_1st_dunning,Text name of 1st dunning of vendor declarations
TXNAM_MA2,text_2nd_dunning,Text name of the 2nd dunning of vendor declarations
TXNAM_MA3,text_3rd_dunning,Text name of 3rd dunning of vendor declarations
TXTLG,asset_description,Asset Description
TXZ01,short_text,Short Text
UEBTK,unlimited_tolerance,Unlimited Overdelivery Allowed
UEBTO,overdelivery_tolerance,Overdelivery Tolerance
UEETK,unlimited_overdelivery_allowed,Indicator: Unlimited Overdelivery Allowed
UEETO,overdelivery_tolerance_limit,Overdelivery tolerance limit
UKURS,,Exchange Rate
UMLKZ,stock_transfer,Indicator: Movement type is stock transfer
UMMATKZ,transfer_posting_material_to_material,Transfer Posting Material to Material
UMREN,denominator,Denominator for Conversion of Order Unit to Base Unit
UMREZ,equal_to,Numerator for Conversion of Order Unit to Base Unit
UMRSL,conversion_group,"Conversion Group (Oil, Natural Gas,..)"
UMSAE,business_volumn_comparison,Comparison/agreement of business volumes necessary
UMSKZ,special_g_l_ind,Special G/L Indicator
UMVKN,denominator,Denominator (Divisor) for Conversion of Sales Qty into SKU
UMVKZ,numerator,Numerator (factor) for conversion of sales quantity into SKU
UMWRK,receiving_plant,Receiving plant/issuing plant
UMZIN,conversion_factor_1,Factor for Converting Sales Units to Base Units (Target Qty)
UMZIZ,conversion_factor_2,Factor for Converting Sales Units to Base Units (Target Qty)
UNETO,underdely_tolerance,Underdelivery tolerance limit
UNIT,base_unit_of_measure,Base Unit of Measure
UNTTO,underdel_tolerance,Underdelivery Tolerance
UOMGR,uom_group,"Unit of Mearsure Group (Oil, Natural Gas,...)"
UPDAT,confirmation_date,Date on Which the Changes Were Confirmed
UPDMOD,record_mode,BW Delta Process: Record Mode
UPROF,retail_revalution_profile,Retail revalution profile
UPTIM,confirmation_time,Time of Last Change Confirmation
URI_ADDR,uri_field_passed,URI Field Passed to BW
URLID,known_negotiat_leave,Short Key for Known/Negotiated Leave
USEQU,quota_arrangement_usage,Quota arrangement usage
UVALL,incompletion_status_item,Incompletion Status (Item)
UVFAK,billing_incompletion_status_item,Billing Incompletion Status (Item)
UVPRS,pricing_incompletion_status_item,Pricing Incompletion Status (Item)
UVVLK,delivery_incompletion_status_item,Delivery Incompletion Status (Item)
UZAWE,payment_method_supplement,Payment method supplement
UZEIT,time,Time
VABME,variable_purchase_order_unit_active,Variable Purchase Order Unit Active
VAL_CLASS,valuation_class,Valuation Class
VAL_TYPE,valuation_type,Valuation Type
VALUATION,valuation_voew,Valuation View
VALUT,value_date,Value date
VBEAF,fixed_processing_time,Fixed shipping processing time in days (= setup time)
VBEAV,variable_processing_time,Variable shipping processing time in days
VBEAZ,shipping_processing_time,Shipping processing time
VBELN_VA,sales_document_1,Sales Document
VBELN,sales_document,Sales and Distribution Document Number
VBTYP,sd_document_category,SD Document Category
VBUND,trading_partner,Company ID of Trading Partner
VDATU,update_date_statistics,Date of update for statistics updating
VENSL,supplier_service_level,Supplier Service Level
VERDT,insurance_validity_date,Insurance Validity Date
VERID,production_version,Production Version
VERKF,responsible_salesperson,Responsible Salesperson at Supplier's Office
VERKZ,version_indicator,Version Indicator
VERSG,customer_statistics_group,Customer Statistics Group
VGBEL,reference_document,Document number of the reference document
VGPOS,reference_item,Item number of the reference item
VGTYP_AK,sales_document_category_reference,Sales Document Category of Reference Doc. in Order Header
VGTYP,document_category,SD Document Category
VHART,packaging_material_type,Packaging Material Type
VINT1,backward_consumption_period,Consumption period: backward
VINT2,forward_consumption_period,Consumption period: forward
VKBUR,sales_office,Sales office
VKGRP,sales_group,Sales group
VKORG,sales_organization,Sales Organization
VKSTA,sales_value_excluding_vat,Value at Sales Prices Excluding Value Added Tax
VKSTT,sales_value_including_vat,Value at Sales Prices Including Value-Added Tax
VLFKZ,plant_category,Plant category
VOLEH,volume_unit,Volume unit
VOLTO,excess_volume_tolerance,Excess Volume Tolerance of the Handling Unit
VOLUM,volume,Volume
VORNR,activity_number,Operation/Activity Number
VPREH,comparison_price_unit,Comparison price unit
VPSTA,complete_material_status,Maintenance status of complete material
VRBDT,date_of_material,To date of the material to be copied for consumption
VRBFK,multiplier_for_reference_material,Multiplier for reference material for consumption
VRBKZ,institution_number,Export Credit Insurance Institution Number
VRBMT,reference_material_for_consumption,Reference material for consumption
VRBWK,reference_plant_for_consumption,Reference plant for consumption
VRKME,sales_unit,Sales unit
VRMOD,consumption_mode,Consumption mode
VRSDG,reason_code_conversion_version,Reason Code Conversion Version
VRSNR,insurance_number,Insurance Number
VRSPR,deductible_percentage_rate,Deductible Percentage Rate
VRSZL,insurance_lead_months,Insurance Lead Months
VRVEZ,shipping_setup_time,Shipping setup time
VSBED,shipping_conditions,Shipping Conditions
VSMNG_L,delivered_quantity,Delivered quantity per schedule line and delivery item
VSMNG,delivered_quantity,Delivered quantity per delivery item
VSORT,item_proposal,Item proposal
VSTEL,shipping_point,Shipping Point / Receiving Point
VTWEG,distribution_channel,Distribution Channel
VVABW,smoothing_factor_compliance,Smoothing Factor: Compliance with Shipping Instructions
VWERK,delivering_plant,Delivering Plant
VWPOS,item_usage,Item Usage
VZSKZ,interest_indicator,Interest calculation indicator
VZUSL,surcharge_factor_percent,Surcharge factor for cost in percent
WA_DELAY_LF,goods_issue_delay,BW Extraction LE: Actual GI Delay - GI Date for Delivery
WA_DELAY,goods_issue_delay,BW Extraction SD/LE: GI Delay - GI Date for Schedule Line
WADAT_IST,actual_goods_movement_date,Actual Goods Movement Date
WADAT_LIKP,goods_issue_date_2,Goods Issue Date
WADAT,planned_goods_movement_date,Planned Goods Movement Date
WAERK_VBAK,document_currency_2,SD document currency
WAERK,document_currency_1,SD document currency
WAERS,local_currency_key,Local Currency
WAERSST,currency_key,Currency Key
WAKON,bill_of_exchange_charges,Terms of Payment Key for Bill of Exchange Charges
WAKTION,promotion,Promotion
WAVWR,cost_in_document_currency,Cost in document currency
WBPRO,profile_value_inventory_management,Profile for value-based inventory management
WBRSL,value_adjustment_key,Value Adjustment Key
WBSTA,goods_movement_status,Goods Movement Status
WEBAZ,goods_receipt_processing_time,Goods receipt processing time in days
WEBRE,goods_receipt_invoice_verification,Indicator: GR-Based Invoice Verification
WEMNG,quantity_of_goods_received,Quantity of Goods Received
WEMPF,goods_recipient,Goods recipient
WENWR,net_value_foreign_currency,Accepted net value of service in foreign currency
WEPOS,goods_receipt_indicator,Goods Receipt Indicator
WERKR,plant_level_relevant,Indicator: plant level relevant
WERKS,plant,Plant
WESCH,goods_receipt_slips_quantity,Quantity: Number of GR/GI slips to be printed
WEUNB,goods_receipt_non_valuated,"Goods Receipt, Non-Valuated"
WEWWR,goods_receipt_value,Value of goods received in foreign currency
WITHDRAWN_QTY,quantity_withdrawn,Quantity withdrawn
WKSOP,sop_plant,SOP plant
WKURS,exchange_rate,Exchange Rate
WLDATBE,desired_delivery_date,Desired del. date in confirmed schedule lines
WMENG,order_quantity,Order Quantity in Sales Units
WMINR,product_catalog_number,Product catalog number
WMWST1,value_added_tax_amount,Tax Amount in Document Currency with +/- Sign
WORK_CENTER_TXT,work_center_description,Work Center Description
WORK_CENTER,work_center,Work center
WRBTR,amount,Amount in document currency
WRHAB,credit_document_currency,Credit Amount in Document Currency
WRKST,basic_material,Basic Material
WRSHB,foreign_currency_amount,Foreign Currency Amount with Signs (+/-)
WRSOL,debit_document_currency,Debit Amount in Document Currency
WSTGH,active_substance,Active substance content (deactivated)
WZEIT,total_replenishment_lead_time,Total replenishment lead time (in workdays)
XAUSZ,account_statement,Indicator for Periodic Account Statements
XBLNR,reference_document_number,Reference Document Number
XCHAR,batch_management_indicator,Batch management indicator (internal)
XCHPF,batch_management_requirement,Batch management requirement indicator
XCPDK,one_time_account,Indicator: Is the account a one-time account?
XDEZV,local_processing,Indicator: Local Processing?
XEDIP,payment_advices_edi,Indicator: Send Payment Advices by EDI
XERSR,automatic_evaluated_receipt,Automatic evaluated receipt settlement for return items
XERSY,evaluated_receipt_settlement,Evaluated Receipt Settlement (ERS)
XGCHP,approved_batch_record_required,Approved Batch Record Required
XKNZB,alternative_payer_account,Indicator: Alternative Payer Using Account Number
XMCNG,negative_stocks,Negative stocks allowed in plant
XNBWY,revaluation_allowed,Revaluation allowed
XNEGP,negative_posting,Indicator: Negative Posting
XPORE,individual_payment,Indicator: Pay All Items Separately?
XRECH,post_invoice,Indicator: post invoice
XREF3,reference_key_3,Reference key for line item
XVERR,clearing_with_vendor,Indicator: Clearing between customer and vendor ?
XZEMP,payee_in_document,Indicator: Alternative Payee in Document Allowed?
XZVER,record_payment_history,Indicator: Record Payment History ?
ZAHLS,payment_block,Block Key for Payment
ZAMIB,accounting_department,Indicator: Payment Notice to the Accounting Department?
ZAMIM,customer_with_cleared_items,Indicator: Payment Notice to Customer (with Cleared Items)?
ZAMIO,customer_w_o_cieared_items,Indicator: Payment Notice to Customer (W/o Cleared Items)?
ZAMIR,legal_department,Indicator: Payment Notice to Legal Department?
ZAMIV,sales_department,Indicator: Payment Notice to Sales Department?
ZBD1T,cash_discount_days_1,Cash discount days 1
ZBD2T,cash_discount_days_2,Cash discount days 2
ZBD3T,net_payment_terms_period,Net Payment Terms Period
ZEIAR,document_type,Document type (without Document Management system)
ZEIFO,page_format_2,Page format of document (without Document Management system)
ZEILE,material_document_item,Item in Material Document
ZEINR,document_number,Document number (without document management system)
ZEITP,event,Event for which updating should take place
ZEIVR,document_version,Document version (without Document Management system)
ZFBDT,baseline_payment_date,Baseline Date for Due Date Calculation
ZGRUP,grouping_key_2,Key for Payment Grouping
ZIEME,target_quantity_uom,Target Quantity UoM
ZLSPR,payment_block,Payment Block Key
ZMENG,target_quantity,Target Quantity in Sales Units
ZOLLA,customs_office,Customs Office: Office of Exit/Entry for Foreign Trade
ZONE1,supply_region,Supply region (region supplied)
ZSABE,user_at_customer,User at customer
ZTERM,payment_terms,Terms of payment key
ZUAWA,sort_key,Key for sorting according to assignment numbers
ZUGDT,first_acquisition_on,Asset Value Date of the First Posting
ZUJHR,acquistion_year,Fiscal Year in Which First Acquisition Was Posted
ZUONR,assignment,Assignment Number
ZUPER,first_acquisition_period,Period in Which First Acquisition Was Posted
ZWELS,payment_methods,List of Respected Payment Methods
ZWERT,outline_agreement_target_value,Target Value for Outline Agreement in Document Currency
