.INCLU-AP,BSEG_INCLU_AP
INCLUDE,MSEG_INCLUDE
/BEV1NEDEPFREE,Dependent_Items_Free
/BEV1NEGEN_ITEM,Item_Generated
/BEV1NESTRUCCAT,Structure_Category
/BEV2ED_AEDAT,Changed_on
/BEV2ED_AETIM,Time
/BEV2ED_KZ_VER,ED_Status
/BEV2ED_USER,User_name_2
/CWMBAMNG,Qty_in_Base_Parallel_UoM
/CWMBUSTW,Value_string_2
/CWMERFME,PUoM_Entry_UoM
/CWMERFMG,Qty_in_PUoM_EUoM
/CWMFI,Int
/CWMMEINS,Parallel_UoM
/CWMMENGE,Qty_in_PUoM
/CWMSMBLU,Original_line_item_CtchWtMgtEnh
/CWMWABWE,GI_based_goods_rcpt
/CWMWESBS,CWM_GR_Blkd_Stk_Qty
/SAPF15STATUS,BKPF_SAPF15_STATUS
/VSOR_DPOINT,Coll_Unload_Point
/VSOR_I_NO_LYR,No_Layers_Int_Pallet
/VSOR_LOAD_PREF,F_B_Preference
/VSOR_MATPAL,PackMat_Customer
/VSOR_ONE_MAT,Material_Spec_Pack
/VSOR_ONE_SORT,Pack_PckType_Packing
/VSOR_PALHGT,Max_Stacking_Height
/VSOR_PAL_UL,PKM_Length_Unit
/VSOR_PK_MAT,Pack_CustomerRelated
/VSOR_ULD_SIDE,Side_Preference
AA_FINAL_IND,Final_AA
AA_FINAL_QTY,Final_AA_Quantity
AA_FINAL_QTY_F,Final_Qty_Fltg_Pt
AA_FINAL_REASON,Final_AA_Reason
ABDAT,Reconciliation_Date
ABELN,Allocation_Table
ABELP,Item_Number_of_Allocation_Table
ABFTZ,Agr_Cumulative_Qty
ABGRU,Reason_for_rejection
ABGSL,Results_Analysis_Key
ABLAD,Unloading_Point
ABMNG,Stand_rel_order_qty
ABNUM,MntPlan_Call_No
ABPER,Settlmnt_period
ABRVW,Usage
ABSBT,Hedged_amount
ABSBU,Sending_company_code
ABSGR,Reason_for_Canc
ABSKZ,Rejection_Indicator
ABTEI,Department
ABUEB,Release_Creation_Profile
ABUKR,Requesting_co_code
ABWAE,Settlement_currency
ACCNT,Account_number
ACHVM,Archiving_marker
ACMEM,Memory_ID
ACNAM,Execution_element
ACONE,ToDo_by_one
ACOUT,ToDo_outside_of_SAPoffice
ACRITMTYPE,Item_type_of_acr_sub
ACROBJTYPE,Type_of_the_accrual_object
ACROBJ_ID,Identifier_acr_obj
ACRSOBJ_ID,ID_of_acr_subobj
ACTFLAG,Activation_flag
ACTIV,Business_Transaction
ACTIVITY,Transaction
ACTSS,Social_Ins_Code
ACT_CHNGNO,Chg_no_of_doc_crtd_by_this_chg
ADDNR,Document_number
ADDRESS_ID,Address_ID
ADDRNUMBER,Address_Number
ADDRORIGIN,Address_Source
ADDR_COMP,First_Company_Addr
ADDR_GROUP,Address_group
ADDR_PERS,First_Pers_Address
ADISC,discount_document
ADMINFIELD,Admin_field
ADPSP,Ref_Element_PM_PS
ADRC_ERR_STATUS,Error_Status
ADRC_UUID,Address_UUID
ADRN2,Address_2
ADRNR,Address
ADRP_ERR_STATUS,Error_Status
ADRP_UUID,Address_UUID
ADVCODE,Advice_Code
AD_HASH,E_Mail_for_Avis
AEDAT,Last_Doc_Change_by_Transaction
AENAM,Changed_by
AENNR,Change_Number
AFNAM,Requisitioner
AFUNK,Altern_function
AGDAT,Quotation_Deadline
AGMEM,Quotation_Comment
AGZEI,Clearing_item
AKOKR,CA_req_cost_center
AKONT,Reconciliation_acct
AKSTL,Request_cost_center
AKTNR,Promotion
ALC,Agency_Location_Code
ALEBN,IDoc_Dist_Stat_Pmnt_Data
ALLDATAINCL,DD02L_ALLDATAINCL
ALLOT_MTH_CD,Allotee_Pay_Method
ALTKN,Previous_account_no
ALTKT,Group_account_number
ALWAYSTRP,DD02L_ALWAYSTRP
ANAME,Creator_of_User_Master_Record
ANBWA,Transact_type
ANFAE,Return_before
ANFBJ,Fiscal_yr
ANFBN,B_e_payment_request
ANFBU,Company_Code_BillOfExch_Pmt_Req
ANFNR,RFQ
ANFPS,Item_Number_of_RFQ
ANGDT,Quotation_Deadline
ANGNR,Quotation
ANLN1,Asset
ANLN2,Subnumber
ANONYMOUS,Anonymous
ANRED,Title
ANZPU,Points
ANZSN,No_serial_numbers
APLZL,Counter
APLZL_ORD,General_counter_for_order
APOMS,External_Planning
APPLCLASS,Application_Class
APPVAL,BelongsToApp
ARCHI,Document_archived
ARCHIVPATH,Standard_arch_path
ARCHIV_ID,Content_Rep_ID
ARCH_A,Object_Archived_Flag_A
ARCH_B,Object_Archived_Flag_B
ARCID,Extract_ID
ARC_DOC_ID,Document_ID
AREWB,GR_IR_clearing_value_PO_Curr
AREWR,GR_IR_clearing_value_LC
AREWR_POP,GR_IR_clear_value_LC_AREWR_POP
AREWW,GR_IR_clearing_value_Trx_Curr
ARKUEMW,Tax_inv_reduction
ARKUEN,Autom_invoice_reduct
ARSNR,Settlement_res_no
ARSPS,Item_settlem_reser
AR_DATE,Storage_date
AR_OBJECT,Document_type
AS4DATE,Date
AS4LOCAL,Activation_Status
AS4TIME,Time
AS4USER,Last_Changed_By
AS4VERS,Version
ASSIGN_END_DATE,Assignment_Test_End
ASSIGN_NEXT_DATE,Next_Assignment_Test
ASSIGN_STATUS,Assignmnt_Test_Process
ASSIGN_TEST,Assignment_Test_Group
ASTNA,Applicant
ASTNR,Applicant_no
ATTLEN,Size_of_all_attachms
ATTYP,Material_Category
AUFNR,Order
AUFPL,Opertn_task_list_no
AUFPL_ORD,Opertn_task_list_no_2
AUFPS,Item_Number
AUFSD,Central_order_block
AUGBL,Clearing_Document
AUGCP,Clearing_Entry_Date
AUGDT,Clearing_date
AUGGJ,Clearing_Fiscal_Year
AUNIT,Add_unit_of_measure
AUREL,Alloc_Tab_Relevant
AUREL_ALLOW,Alloc_Table_Rel
AUSBK,Source_company_code
AUSFD,Due_Date
AUSNR,Bid_invitation
AUTHCLASS,Activation_type
AUTHGR,Authorization_group
AUTLF,Complete_Delivery
AUTNO,Authorization_list_number
AUTOM,Autom_indicator
AUTTP,Authorization_list_type
AUTYR,Authorization_list_year
AVISG,Reason_to_Print_Advice
AVSND,Paymt_Advice_by_XML
AWKEY,Reference_Key
AWORG,Reference_Org_Unit
AWSLS,Variance_Key
AWSYS,Logical_System
AWTYP,Reference_Transaction
BAHNE,Express_station
BAHNS,Train_station
BAMNG,Purchase_Requisition_Quantity
BANCD,Check_encashment
BANFN,Purchase_Requisition
BANKL,Bank_Key
BANKN,Bank_Account
BANKS,Bank_Country
BAPOVAR,BA_variant
BASICPATH,Basic_Path
BASIS_PNT,Basis_Points
BASW2,Source_currency
BASW3,Source_currency_2
BATCH,Lot_number
BATXT,PO_Type_Name
BBBNR,Int_location_no_1
BBSNR,Int_location_no_2
BCDA1,Date_of_Last_Password_Change_1
BCDA2,Date_of_Last_Password_Change_2
BCDA3,Date_of_Last_Password_Change_3
BCDA4,Date_of_Last_Password_Change_4
BCDA5,Date_of_Last_Password_Change_5
BCODE,Password_Hash_Key
BDIF2,Valuation_difference_2
BDIF3,Valuation_difference_3
BDIFF,Valuation_difference
BEDAT,Document_Date
BEDNR,Req_Tracking_Number
BEDPL,MRP
BEGDA,Start_Date
BEGDAT,Valid_From_Date
BEGRU,Authorization_Group
BEKKN,Seq_No_of_PO_Acc_Assignment
BELKZ,Acct_asst_elem
BELNR,Document_Number
BELUM,Document_Number_2
BEMOT,Accounting_Indicator
BERBU,Budget_authorization
BERID,MRP_Area
BERKO,Costs_revs_auth
BERKZ,Mat_Staging_Indicat
BERST,Master_data_auth
BERTR,Date_authorization
BESTQ,Stock_Category
BETOL,PO_tolerance
BEWAR,Transaction_Type
BEWGP,Valuation_group
BEWTP,PO_History_Category
BEZNK,Unplanned_del_costs
BIDICTRLC,No_BIDI_Filtering
BILID,Billing_indicator
BILKT,Group_account_number
BILLM,Billing_Month
BKLAS,Valuation_Class
BKON1,Bank_control_key
BKON2,Bank_control_key
BKON3,Bank_control_key
BKONT,Bank_control_key
BKREF,Reference_details
BKRF1,Reference_details
BKRF2,Reference_details
BKRF3,Reference_details
BKTXT,Document_Header_Text
BKZER,Actual_revenues
BKZKP,Actual_primary_costs
BKZKS,Actual_secondary_costs
BKZOB,Commitment_update
BLART,Document_Type
BLARV,Clearing_document_type
BLDAT,Document_Date
BLIND,Budgetary_Ledger_Indicator
BLKLS,Document_Class
BLK_REASON_ID,Blocking_Reason_ID
BLK_REASON_TXT,Blocking_Reason_Text
BLNBT,Preference_amount
BLNKZ,Subsidy_indic
BLNPZ,Pref_percentage_rate
BNAME,User
BNBTR,Delivery_costs
BNDDT,Binding_Period
BNFPO,Item_Number_of_Purchase_Req
BNKAN,Delivery_costs_share
BNKAN_FW,Delivery_costs_share
BNKL1,Bank_Key
BNKL2,Bank_Key
BNKL3,Bank_Key
BNKN1,Bank_Account
BNKN2,Bank_Account
BNKN3,Bank_Account
BNKS1,Bank_Country
BNKS2,Bank_Country
BNKS3,Bank_Country
BONBA,Rebate_basis
BONFB,Amount_Qualifying_for_Bonus_LC
BONUS,Settlement_Group_1
BPMNG,Qty_in_OPUn
BPMNG_F,Qty_OPUn_Float
BPMNG_POP,Quantity_in_OPUn
BPPERSON,Business_Partner_GUID
BPRBM,InvQty_PO_pr_un
BPREM,Invoice_receipt_qty
BPRME,Order_Price_Unit
BPUMN,Denominator_Conv_OPU_to_OrdUnit
BPUMZ,Numerator_Conv_OPU_to_OrdUnit
BPWEB,Val_GR_BS_OPUn
BPWEM,GR_Qty_in_OPUn
BPWES,GR_blocked_stck_OPUn
BRAN1,Industry_Code_1
BRAN2,Industry_code_2
BRAN3,Industry_code_3
BRAN4,Industry_code_4
BRAN5,Industry_code_5
BRELGUID,GUID
BRGEW,Gross_Weight
BRGRU,Authorization_Group
BRNCH,Branch_number
BRSCH,Industry
BRTWR,PO_Line_Amount
BRTXT,Vendor_Industry_Code_Name
BSAKZ,Control_indicator
BSART,Purchasing_Doc_Type
BSCHL,Posting_Key
BSGRU,Reason_for_Ordering
BSMNG,Quantity_Ordered
BSTAE,Confirmation_Control
BSTAT,Doc_status
BSTME,Order_Unit
BSTMG,Qty_in_order_unit
BSTYP,Purch_Doc_Category
BTYP1,Type_of_bank_in_a_bank_chain
BTYP2,Type_of_bank_in_a_bank_chain
BTYP3,Type_of_bank_in_a_bank_chain
BTYPE,Billing_indicator
BTZNR,Assignment_of_Transfers
BUALT,Amount_Posted_in_Alt_Price_Ctrl
BUBKZ,Check_digit
BUDAT,Posting_Date
BUDAT_MKPF,Posting_Date
BUDGET_PD,Budget_Period
BUDG_TYPE,Budget_Type
BUFFERED,Buff_allowed
BUILDING,Building_Code
BUKRS,Company_Code
BUKRS_GLOB,Global_CoCde
BUPLA,Business_Place
BUSAB,Clerk_Abbreviation
BUSTM,Quantity_string
BUSTW,Value_string
BUTXT,Company_Name
BUVAR,Document_entry_screen_variant
BUZEI,Line_item
BUZID,Line_item_ID
BUZUM,Line_item_2
BVORG,Cross_co_code_no
BVTYP,Partner_Bank_Type
BWART,Movement_Type
BWBDT,Application_Close
BWKEY,Valuation_Area
BWLVS,Movement_Type_Not_used
BWTAR,Valuation_Type
BWTTY,Valuation_Category
BZDAT,Asset_value_date
BZIRK,Sales_district
BZQHL,Regular_vendor
CARRIER_CONF,Carrier_confirmation_expected
CASH_ALLOC,Cash_Flow_Relevant_Doc
CASSD,Central_sales_block
CATID_A,Object_Category_A
CATID_B,Object_Category_B
CBCUSTOMER,Customer
CBPAYTERM,Terms_of_Payment
CBPERIOD,Cutback_Period
CBVENDOR,Vendor
CCBTC,Settlement_run
CCC01,Biochemical_warfare
CCC02,Nuclear_nonprolif
CCC03,National_security
CCC04,Missile_technology
CCINS,Card_type
CCKEY,Cost_collector_key
CCNUM,Card_number
CCODE,Call_Code
CCOMP,Stock_transfer_cat
CCONO,Change_copy_no
CCOTP,Change_copy_type
CCOYR,Change_copy_year
CERDT,Certification_Date
CESSION_KZ,Accts_rble_pled_ind
CFOPC,Cust_CFOP_category
CGPL_GUID16,CGPL_GUID
CGPL_LOGSYS,Logical_System_2
CGPL_OBJTYPE,Object_Type
CHANGENR,Document_change_number
CHANGE_DATE,Last_Changed_On
CHANGE_IND,Appl_object_change
CHANGE_TIME,Last_Changed_At
CHANGE_USER,Last_Changed_By
CHARG,Batch
CHAZV,Batch_status_mgmt_active
CHAZV_OLD,Batch_stat_mgt_No_longer_used
CHCKSTATUS,Test_stat_City_file
CHDAT,Changed_on
CHECF,Check_number_from
CHECKTABLE,Check_table
CHECK_FLAG,Print_Check_First
CHECK_TYPE,Type_of_OTB_Check
CHECT,Check_number
CHECV,Replacement_chck_no
CHGKZ,Change_Documents
CHGNR,Change_number
CHG_FPLNR,No_inv_but_not_free_of_charge
CHG_SRV,Configuration_changed
CHNGIND,Change_Indicator
CHONAM,Changed
CHONO,User_Number_who_changed_object
CHOTP,User_Type_who_changed_object
CHOYR,User_Year_who_changed_object
CHTIM,Changed_at
CIIUCODE,main_economic_act
CITY1,City
CITY2,District
CITYC,City_code
CITYH_CODE,City_Code
CITYP_CODE,District
CITY_CODE,City_Code
CITY_CODE2,City_Code
CIVVE,Non_milit_use
CLASF,Proj_summarization
CLASS,User_group
CLIDEP,Client_specific
CLIENT,Client
CMPL_DLV_ITM,Complete_Delivery
CNAE,CNAE
COBL_NR,Sequence_number
CODV1,Password_Code_Vers_1
CODV2,Password_Code_Vers_2
CODV3,Password_Code_Vers_3
CODV4,Password_Code_Vers_4
CODV5,Password_Code_Vers_5
CODVN,Password_Code_Vers
COMPANY,Company
COMPLAINT_REASON,Complaints_Reason
COMPLIANT,Compliant
COMPRFLAG,Compression
COMPTYPE,Component_Type
COMSIZE,Company_Size
CONDI,CondKey
CONFS,Confirmation_status
CONROUT,Check_module
CONS_ORDER,Consignment_Preferred
CONTFLAG,Delivery_class
CONTRACT_ALLOW,Take_Account_of_Contract
CONT_PSTYP,Item_Category_2
CONVERTED,Converted
CONVEXIT,Conversion_Routine
CON_DISTR_LEV,Distrib_Targ_Val_Itm
CON_OTB_REQ,OTB_Relevant_Contract
CON_PREBOOK_LEV,Indicator_Level_for_Contracts
COPY_BY_BELNR,Original_Invoice_No
COPY_BY_YEAR,Fiscal_Year_of_Original_Invoice
COPY_TO_BELNR,Document_No_of_Copied_Invoice
COPY_TO_YEAR,Fiscal_Year_of_Copied_Invoice
COPY_USER,User_That_Copied_the_Invoice
COUNC,County_Code
COUNTRY,Country_Key
COUNTY,County
COUNTY_CODE,County_code
CPD_TEMPL,Acty_Dep_Form_Plng_Temp
CPI_TEMPL,Acty_Indep_FormPlng_Temp
CPUDT,Entry_Date
CPUDT_MKPF,Entry_Date
CPUTM,Time_of_Entry
CPUTM_MKPF,Time_of_Entry
CQU_SAR,Cumulative_GRs
CRC_NUM,CRC_number
CRDAT,Date_created
CREATIME,Creation_Time
CREATIONDATE,Creation_Date
CREATIONTIME,Creation_Time
CREATOR,Creator
CREDATE,Creation_date
CREP_ID,Content_Repository
CRETIME,Creation_Time
CREUSER,Created_By
CRONAM,Created_by
CRONO,User_Number_who_created_object
CROTP,User_Type_who_created_object
CROYR,User_Year_who_created_object
CRTIM,Created_at
CRTN,CRT_Number
CRVAL,Value_date_payee_s_bank
CTXKRS,Tax_Rate_Local_Crcy
CUKY_NEW,Referenced_currency_New
CUKY_OLD,Referenced_currency_Old
CUOBJ,Internal_object_no
CUOBJ_CH,Internal_object_no
CURT2,LC2_currency_type
CURT3,LC3_currency_type
CUSTOMS_VAL,Assessable_value
CVP_XBLCK,PurposeComplete_Flag
CVP_XBLCK_B,PurposeComplete_Flag
CYCLE,Cycle
DABRBZ,Reference_Date
DABRZ,Reference_Date
DATAB,Valid_From
DATATYPE,Data_Type
DATAVG,Av_no_of_entries
DATBI,Valid_To
DATEOFSERVICE,Date_of_Service
DATE_FROM,From_Date
DATE_TO,To_Date
DATLT,Data_line
DATLZ,Date_of_last_interest_run
DATMAX,Max_no_of_entries
DATMIN,Min_no_of_entries
DBBLG,Recurring_entry_doc
DBPOSITION,Database_Position
DDLANGUAGE,Lang
DDTEXT,Short_Description
DEAR1,Competitors
DEAR2,Sales_partners
DEAR3,Prospect
DEAR4,Customer_type_4
DEAR5,Default_sold_to_pty
DEAR6,Consumer
DECIMALS,Decimal_Places
DECREGPC,Decl_Reg_PIS_COFI
DEFFDNAME,Default_component_name
DEFLT_COMM,Comm_Method
DELI_SERV_NUMBER,Number_of_Delivery_Service
DELI_SERV_TYPE,Type_of_Delivry_Service
DELPER_ALLOW,Take_Account_of_Dlvy_Period
DEL_DATE,Delete_date
DEPARTMENT,Department
DEPOT,Securities_Account
DEPTH,Depth
DEP_STORE,Superior_Dept_Store
DESCR,Short_Description
DESCRIPT,Description
DESCRIPTION,Contract_Name
DIEKZ,Service_Indicator
DIFFMW,Sales_tax_difference
DIFFN,IV_Difference
DIFFOPTRATE,Option_Rate
DIFF_AMOUNT,Difference_Amount
DIFF_INVOICE,Differential_Invoicing
DISBJ,Year
DISBN,Usage_document
DISBZ,Discount_line_item
DISUB_KUNNR,Customer
DISUB_OWNER,Owner_of_stock
DISUB_POSNR,Item_SD
DISUB_PSPNR,WBS_Element
DISUB_SOBKZ,Special_stock
DISUB_VBELN,Sales_Document
DKWEG,Import_data_GR
DLDAT,Expiration_Date
DLGRP,ServAgntProcGrp
DLORT,Location_of_Service
DLTIM,Expiry_time
DMB21,Amount_in_2nd_LC_for_Tax_Dist
DMB22,Amount_in_2nd_LC_for_Tax_Dist_2
DMB23,Amount_in_2nd_LC_for_Tax_Dist_3
DMB31,Amount_in_3rd_LC_for_Tax_Dist
DMB32,Amount_in_3rd_LC_for_Tax_Dist_2
DMB33,Amount_in_3rd_LC_for_Tax_Dist_3
DMBE2,Amount_in_USD
DMBE3,LC3_amount
DMBT1,Amount_in_LC_for_Tax_Dist
DMBT2,Amount_in_LC_for_Tax_Dist_2
DMBT3,Amount_in_LC_for_Tax_Dist_3
DMBTR,Amount_in_LC
DMBTR_POP,Amount_in_Local_Curr_DMBTR_POP
DMBUM,Revaluation
DOCCAT,Doc_Type
DOCCT,Document_Type
DOCLN,Posting_Item_for_Ledger
DOCNR,JV_Document_Number
DOCTY,Document_Type
DOKID,Document_name
DOMNAME,Domain_name
DOMVALUE_H,Dom_upper_limit
DOMVALUE_L,Dom_lower_value
DOMVAL_HD,Upper_limit
DOMVAL_LD,Lower_limit
DONT_USE_P,Undeliverable
DONT_USE_S,Undeliverable
DORIGIN,Origin_of_grouping
DPAMT,Down_Payment_Amount
DPDAT,Due_Date_for_Down_Payment
DPPCT,Down_Payt_Percentage
DPTYP,Down_Payment
DRCRK,Debit_Credit_Ind
DRDAT,Last_Transm
DRNAM,Printer_name
DRUHR,Time_of_Transmission
DRUNR,Next_Transmission_Number
DR_CR_ALLOCATION,Debit_Credit_Allocation_Line
DR_CR_IND,Debit_Credit_Indicator
DSKVH,Impending_lost_disc
DTAMS,DME_Indicator
DTAMTC,Doc_Type_Jrnl_Voucher_Amt_Corr
DTAWS,Instruction_key
DTAXR,Deferred_Tax_Rule
DTELGLOBAL,Object_not_global
DTELMASTER,Original_Language
DTPROV,Doc_Type_Prov_Taxes_on_Srv_Rcvd
DTTAXC,Doc_Type_Jrnl_Voucher_Tax_Corr
DTTDSP,Doc_Type_Remittance_Challans
DTWS1,Instruction_1
DTWS2,Instruction_2
DTWS3,Instruction_3
DTWS4,Instruction_4
DUEFL,Data_Transfer_Status
DUNS,DUNS_Number
DUNS4,DUNS_4
DVSART,Batch_rec_DMS_type
DYPLA,Dynamic_storage_bin
EAN11,EAN_UPC
EBELN,Purchasing_Document
EBELP,PO_Line
EBON2,Settlement_Group_2
EBON3,Settlement_Group_3
EBONF,Subseq_Settlement
EBPP_ACCNAME,Account_Name
EBPP_BVSTATUS,Status_Bk_Details_BD
EBUKR,Original_key
EDIAV,EDI_pmnt_adv_status
EDIBN,EDI_payment_order_status
EFFWR,Effective_value
EGBLD,Country_of_destinat
EGLKZ,Final_Delivery
EGLLD,Supplying_country
EGMLD,Reporting_country
EGRUP,Equity_group
EHTYP,Ext_Hierarchy_Category
EIKTO,Account_at_customer
EILDT,GR_B_Settlement_from
EINDT_ALLOW,Take_Account_of_Delivery_Date
EKGRP,Purchasing_Group
EKGRP_ALLOW,Take_Account_of_Purch_Group
EKKOL,Condition_Group
EKNAM,Purchasing_Group_Name
EKONT,Initial_contact
EKORG,Purch_Organization
EKTEL,Tel_no_purch_group
EKVBD,Buying_Group
ELIKZ,Delivery_Completed
EMATN,Vendor_Material_Number
EMLIF,Vendor
EMNFR,Ext_manufacturer
EMPFB,Payee
EMPFG,Payment_recipient
EMPST,Receiving_point
ENCCNT,No_of_attachments
ENDDA,End_Date
ENTITYTAB,Value_table
ENTY_CD,Entity_Type
EQUNR,Equipment
EQ_EINDT,Same_Delivery_Date
EQ_WERKS,Same_Plant
ERDAT,Created_on
EREKZ,Final_Invoice
ERFME,Unit_of_Entry
ERFMG,Qty_in_Un_of_Entry
ERFNAM,Entered_By
ERFPR,Entry_profile
ERLKZ,Set_to_Done
ERNAM,Created_by
ERNAME,Created_by_external_system_user
ERP_CONTRACT_ID,Outline_Agreement
ERP_CONTRACT_ITM,Principal_Agmt_Item
ERSDA,Created_on
ESCHEAT_DT,Escheat_Date
ESCH_CD,Escheat_Code
ESRNR,ISR_Number
ESRPZ,Check_Digit
ESRRE,ISR_Reference_Number
ESTAT,User_Status
ETDRK,Print_relevant
ETEN2,Schedule_line_number
ETENS,Sequence_number
ETFZ1,Firm_Zone
ETFZ2,Trade_Off_Zone
ETIKG,Lab_customer_group
ETYPE,Equity_type
ET_UPD,SLQUpd
EVERE,Compliance
EVERS,Shipping_Instr
EVGEW,POC_weight
EXABL,Unloading_points
EXBWR,Ext_Amount_in_LC
EXCLASS,Rank_for_include_and_subtype
EXCLUDE_FLAG,PPA_Exclude_Ind
EXCPE,Acceptance_Period
EXKBE,Ind_update_PO_hist
EXLIN,Configurable_Item_Number
EXNUM,Number_of_foreign_trade_data
EXP,Issued_by
EXSNR,External_Sort_Number
EXTACCOUNT,External_Account
EXTCT,Contents_stored_externally
EXTENSION1,Data_line
EXTENSION2,Telebox
EXTERNALREFERENCEID,External_Reference_ID
EXTERNALSYSTEM,Ext_Ref_System
EXTHD,Header_external
EXTRD,Extract_creation
EXTRT,Extract_creatn_time
EXT_RFX_ITEM,External_Item_Number
EXT_RFX_NUMBER,Document_No_External_Doc
EXT_RFX_SYSTEM,Logical_System
EXVIEW_INCLUDED,DD02L_EXVIEW_INCLUDED
EXVKW,Sales_Value
FABKL,Factory_calendar
FABKZ,JIT_Sched_Indicator
FAKKZ,Billing_element
FAKSD,Central_billing_block
FASTPAY,Fast_Pay_Indicator
FAUS1,Field_selection
FAUS2,Field_selection_2
FAX_EXTENS,Extension
FAX_NUMBER,Fax
FDBUK,Cash_management_company_code
FDGRP,Planning_Group
FDGRV,Planning_group
FDLEV,Planning_level
FDTAG,Planning_date
FDWBT,Planned_amount
FEE_SCHEDULE,Fee_Schedule
FERC_IND,Regulatory_indicator
FE_PROT,Protocol
FFZHI,Maximum_Cum_PGQ
FIELDNAME,Field_Name
FIELD_TICKET,Field_Ticket_No
FIKRS,FM_Area
FILENAME,File_Name
FILE_EXT,File_extension
FILE_NBR,File_Sequence_Number
FILKD,Branch_account
FINAL,Final_Entry
FIPLS,Financial_budget
FIPOS,Commitment_Item
FISCAL_INCENTIVE,Tax_Incentive_Type
FISCAL_INCENTIVE_ID,Incentive_ID
FISKN,Fiscal_address
FISKU,Tax_office_responsible
FISTL,Funds_Center
FITYP,Tax_type
FIXED,Check_in_check_out
FIXMG,Fixed_Date_and_Qty
FIXPO,Firm_Deal_Indicator
FIXPO_ALLOW,Fixed_Date_Purchases
FKBER,Functional_Area
FKBER_LONG,Functional_Area_Long
FKNUM,Shipment_Cost_Number
FKOKR,CA_resp_cost_center
FKONT,Financial_budget
FKPOS,Shipment_costs_item
FKSTL,Responsible_CC
FLAGCOMM10,Printer
FLAGCOMM11,SSF
FLAGCOMM12,URI_FTP
FLAGCOMM13,Pager
FLAGCOMM2,Telephone
FLAGCOMM3,Fax
FLAGCOMM4,Teletex
FLAGCOMM5,Telex
FLAGCOMM6,E_Mail_Maintained
FLAGCOMM7,R_Mail
FLAGCOMM8,X_400
FLAGCOMM9,RFC
FLAGGROUPS,ADRC_FLAGGROUPS
FLOOR,Floor
FLPERSCOMM,Pers_comm_numbers
FLPERSTEL,Personal_telephone
FLS_RSTO,Enh_Store_Return
FMFGUS_KEY,US_Government_Fields
FMHRDATE,Fds_ctr_active_in_HR
FMXDOCLN,FM_Reference_Line_Item
FMXDOCNR,FM_Reference_Document_Number
FMXYEAR,FM_Reference_Year
FMXZEKKN,FM_Ref_AA
FM_DERIVE_ACC,Activate_AA_Derivation
FM_SPLIT_BATCH,Distbn_Batch_Number
FM_SPLIT_BEGRU,Authorization_Group
FM_STATUS,Availability_status
FM_UMART,Transfer_type
FNAME,Field_Name
FOLLOW_ON,Follow_on
FOLRG,Folder_area
FORCE_CNT,Counter
FORCE_ID,GUID_32
FORMI,Pmnt_medium_format
FORMZ,Format_supplement
FPLNR,Invoicing_plan_no
FPM_KEY,Rundate_ID_DefaultInd
FPRFW,Distrib_profile_of_plant
FRATH,Unpl_del_costs
FRBNR,Bill_of_Lading
FRGGR,Release_group
FRGKE,Release_indicator
FRGKL,Release_indicator
FRGKZ,Release_Required
FRGRL,Subject_to_release
FRGRP,Release_group
FRGSX,Release_Strategy
FRGZU,Release_status
FROUT,To_be_forwarded_externally
FSTAG,Field_status_group
FSTVA,Field_status_variant
FSTVARE,Funds_reservation_fld_stat_var
FUNC_AREA,Functional_Area
FUNKT,Function
FWBAS,Tax_base_amount
FWSTE,Amount
FWZUZ,Additional_tax
F_LOCK,Blocking_Indicator
F_OBSOLETE,Hide_Entry_in_Input_Help
GBDAT,Date_of_birth
GBETR,Hedged_Amount_in_Foreign_Cur
GBORT,Place_of_birth
GDIF2,Exch_rate_difference_3
GDIF3,Exch_rate_difference_2
GDIFF,Exch_rate_difference
GEBER,Fund
GEWEI,Unit_of_Weight
GFORM,Legal_status
GITYP,Distribution_Type
GJAHR,Fiscal_Year
GLOBALFLAG,Object_not_global
GLTGB,Valid_through
GLTGV,Valid_from
GLUPM,Update_Method
GLVOR,Business_Transaction
GL_SIRID,Record_number_of_LI_record
GMVKZ,Transfer_to_Execution
GMVKZD,Customer_in_execution
GMVKZK,Vendor_in_Execution
GNETWR,Net_order_value
GRANT_NBR,Grant
GRICD,Activity_Code_GI_Tax
GRIDT,Distribution_Type
GRIRG,Region
GROUND_DT,Payt_Ground_Date
GROUND_NO,Payt_Ground_No
GROUND_TYP,Payt_Against
GROUP_TEXT,SAP_user_type
GRPID,Session_name
GRPKZ,Grouping_WBS_element
GRPNO,Group_number
GRUND,Reason_for_Movement
GSBER,Business_Area
GST_PART,GST_Partner
GUZTE,Credit_memo_pyt_term
GVTYP,P_L_statmt_acct_type
GWLDT,Warranty
H2BAS,LC_2_tax_base
H2STE,LC_2_tax_amount
H3BAS,LC_3_tax_base
H3STE,LC_3_tax_amount
HANDOVERLOC,Handover_Location
HASDIFFOPTRATE,Use_Diff_Option_Rate
HBKID,House_Bank
HBKIV,Replacement_check_bank
HBKIW,House_bank_for_b_ex
HEADLEN,Heading_length
HIERARCHY_EXISTS,Part_of_a_Contract_Hierarchy
HKONT,GL_Account
HKTID,Account_ID
HKTIV,Replacement_check_account
HKTIW,Acct_for_bill_exch
HOMESYS,Home_Logical_system
HOME_CITY,Different_City
HOURS_IND,SCF_Hours_Ind
HOUSE_NUM1,House_Number
HOUSE_NUM2,Supplement
HOUSE_NUM3,House_Number_Range
HRKFT,Origin_group
HSDAT,Date_of_Manufacture
HSL,Local_currency
HSN_SAC,HSN_SAC_Code
HSWAE,Local_currency
HTTP_BE,HTTPs_on_backend
HTTP_FE,HTTPS_on_frontend
HTTP_NOSIG,No_signature
HTTP_PORT,Content_Server_port_no
HTTP_SCRPT,HTTP_Script
HTTP_SERV,HTTP_server
HTTP_SPORT,Content_Server_SSL_port_no
HWAE2,Local_currency_2
HWAE3,Local_currency_3
HWAER,Local_Currency
HWBAS,LC_tax_base_amount
HWMET,Method_for_LCAmt_Determination
HWSTE,LC_tax_amount
HWZUZ,LC_provision
HYPNO,Hypertext_pointer_Number
HYPTP,Object_type
HYPYR,Hypertext_pointer_Year
HZUON,Specl_GL_assgt
HZUOR,Hierarchy_Assignment
IBAN1,IBAN
IBAN2,IBAN
IBAN3,IBAN
IBLAR,Internal_document_type
ICHEC,Type_of_payment_medium
ICMSTAXPAY,ICMS_Taxpayer
IDADTYPE,Identity_Add_Type
IDENTITY_GUID,USR21_IDENTITY_GUID
IDNLF,Vendor_Material_No
IDOC_NUM,IDoc_number
IDOC_NUM_AVIS,IDoc_number
IDXSP,Inflation_Index
ID_CATEGORY,Address_ID_Category
IF_DOC_BCS,GUID
IF_DOC_CLS,GUID_2
IGNR_IVREF,Ignore_Invoice_Reference
IHRAN,Quotation_Date
IHREZ,Your_Reference
IMKEY,Real_Estate_Key
IMPDA,Import_Data_in_PO
IMPRF,Investment_profile
INACT,Status_inactive
INCO1,Incoterms
INCO2,Incoterms_Part_2
INCO2_L,Incoterms_Location_1
INCO3_L,Incoterms_Location_2
INCOV,Incoterms_Version
INDTYP,Industry_Main_Type
INFKY,Inflation_key
INFMT,Inflation_Method
INFNR,Purchasing_Info_Rec
INHOUSE_ML,Internal_mail
INITIALS,Initials
INSMK,Stock_Type
INSNC,Not_changeable
INSPATDEBI,After_delivery
INSPBYDEBI,By_customer
INSTID_A,Instance_ID_A
INSTID_B,Instance_ID_B
INST_CODE,Local_Instrument_Code
INTAD,Clrk_s_internet_add
INTDATE,Interest_Calc_Date
INTERCOCD,Intercompany_code
INTFORM,Interest_Formula
INTLEN,Internal_Length
INTRENO,Real_estate_code
INTROW,Service_line
INTTYPE,ABAP_type
INVREL,Grouping
INV_ITEM_ORIGIN,Origin_of_an_Invoice_Item
INV_ITM_ORIGIN,Origin_of_an_Invoice_Item
INV_TRAN,Transaction
INWARDDT_HD,Incoming_Doc_Date
INWARDNO_HD,Incoming_Doc_Nmbr
INWARD_DT,Incoming_Doc_Date
INWARD_NO,Incoming_Doc_Nmbr
IPISP,Tax_split
IPRKZ,Period_Ind_for_SLED
IREFE,Reference_to_this_Pymt_Exists
ISIZE,Scale
ISSUE,Issue_Text
ITCONS,Real_Time_Cons_Post
IUID_RELEVANT,IUID_Relevant
IUMKZ,Envir_investment
IVTYP,IV_category
IWERK,Planning_plant
IZWEK,Investment_reason
JIBCL,JIB_JIBE_Class
JIBSA,JIB_JIBE_Subclass_A
JMJAH,Year_no_given_for
JMZAH,Employee
JV_JIBCL,JIB_JIBE_Class
JV_JIBSA,JIB_JIBE_Subclass_A
JV_OTYPE,Joint_Venture_Object_Type
J_1AGIRUPD,GI_revaluation_o_k
J_1AIDATEP,Inflation_index_date
J_1AINDXP,Inflation_Index
J_1BBRANCH,Business_Place
J_1BEXBASE,Alt_base_amount
J_1BINDUST,Mat_CFOP_category
J_1BMATORG,Material_origin
J_1BMATUSE,Material_usage
J_1BNBM,NCM_Code
J_1BNFTYPE,Nota_fiscal_type
J_1BOWNPRO,Produced_in_house
J_1FDAK,DAK
J_1FFLD001,D_BField001
J_1FFLD002,D_BField002
J_1FFLD003,D_BField003
J_1FFLD004,D_BField004
J_1FFLD005,D_BField005
J_1FFLD006,D_BField006
J_1FFLD007,D_BField007
J_1FFLD008,D_BField008
J_1FFLD009,D_BField009
J_1FFLD010,D_BField010
J_1FFLD011,D_BField011
J_1FFLD012,D_BField012
J_1FFLD013,D_BField013
J_1FFLD014,D_BField014
J_1FFLD015,D_BField015
J_1FFLD016,D_BField016
J_1FFLD017,D_BField017
J_1FFLD018,D_BField018
J_1FFLD019,D_BField019
J_1FFLD020,D_BField020
J_1FFLD021,D_BField021
J_1FFLD022,D_BField022
J_1FFLD023,D_BField023
J_1FFLD024,D_BField024
J_1FFLD025,D_BField025
J_1FFLD026,D_BField026
J_1FFLD027,D_BField027
J_1FFLD028,D_BField028
J_1FFLD029,D_BField029
J_1FFLD030,D_BField030
J_1FFLD031,D_BField031
J_1FFLD032,D_BField032
J_1FFLD033,D_BField033
J_1FFLD034,D_BField034
J_1FFLD035,D_BField035
J_1FFLD036,D_BField036
J_1FFLD037,D_BField037
J_1FFLD038,D_BField038
J_1FFLD039,D_BField039
J_1FFLD040,D_BField040
J_1FFLD041,D_BField041
J_1FFLD042,D_BField042
J_1FFLD043,D_BField043
J_1FFLD044,D_BField044
J_1FFLD045,D_BField045
J_1FFLD046,D_BField046
J_1FFLD047,D_BField047
J_1FFLD048,D_BField048
J_1FFLD049,D_BField049
J_1FFLD050,D_BField050
J_1FFLD051,D_BField051
J_1FFLD052,D_BField052
J_1FFLD053,D_BField053
J_1FFLD054,D_BField054
J_1FFLD055,D_BField055
J_1FFLD056,D_BField056
J_1FFLD057,D_BField057
J_1FFLD058,D_BField058
J_1FFLD059,D_BField059
J_1FFLD060,D_BField060
J_1FFLD061,D_BField061
J_1FFLD062,D_BField062
J_1FFLD063,D_BField063
J_1FFLD064,D_BField064
J_1FFLD065,D_BField065
J_1FFLD066,D_BField066
J_1FFLD067,D_BField067
J_1FFLD068,D_BField068
J_1FFLD069,D_BField069
J_1FFLD070,D_BField070
J_1FFLD071,D_BField071
J_1FFLD072,D_BField072
J_1FFLD073,D_BField073
J_1FFLD074,D_BField074
J_1FFLD075,D_BField075
J_1FFLD076,D_BField076
J_1FFLD077,D_BField077
J_1FFLD078,D_BField078
J_1FFLD079,D_BField079
J_1FFLD080,D_BField080
J_1FFLD081,D_BField081
J_1FFLD082,D_BField082
J_1FFLD083,D_BField083
J_1FFLD084,D_BField084
J_1FFLD085,D_BField085
J_1FFLD086,D_BField086
J_1FFLD087,D_BField087
J_1FFLD088,D_BField088
J_1FFLD089,D_BField089
J_1FFLD090,D_BField090
J_1FFLD091,D_BField091
J_1FFLD092,D_BField092
J_1FFLD093,D_BField093
J_1FFLD094,D_BField094
J_1FFLD095,D_BField095
J_1FFLD096,D_BField096
J_1FFLD097,D_BField097
J_1FFLD098,D_BField098
J_1FFLD099,D_BField099
J_1FFLD100,D_BField100
J_1KFREPRE,Name_of_Representative
J_1KFTBUS,Type_of_Business
J_1KFTIND,Type_of_Industry
J_1TPBUPL,Branch_Code
J_SC_CAPITAL,Capital_Amount
J_SC_COMPDATE,Completion_Date_Of_Inspection
J_SC_CURRENCY,Currency
J_SC_DIE_COMP_F,Die_complete_flag
J_SC_OFFSM,Offset_Method
J_SC_OFFSR,Offset_Percentage
J_SC_SUBCONTYPE,Subcontractor_Type
KALNR,Cost_Estimate_Number
KALSM,Procedure
KANBA,Kanban_Indicator
KAPPL,Application
KATR1,Attribute_1
KATR10,Attribute_10
KATR2,Attribute_2
KATR3,Attribute_3
KATR4,Attribute_4
KATR5,Attribute_5
KATR6,Attribute_6
KATR7,Attribute_7
KATR8,Attribute_8
KATR9,Attribute_9
KBETR,Percentage
KBLNR,Earmarked_Funds
KBLPOS,Document_item
KDATB,Validity_Per_Start
KDATE,Validity_Period_End
KDAUF,Sales_Order
KDEIN,Sales_Order_Schedule
KDFSL,Exchange_rate_difference_key
KDKG1,Condition_group_1
KDKG2,Condition_group_2
KDKG3,Condition_group_3
KDKG4,Condition_group_4
KDKG5,Condition_group_5
KDPOS,Sales_Order_Item
KEYFLAG,Key_field
KEYLEN_FEATURE,DD02L_KEYLEN_FEATURE
KEYMAX_FEATURE,DD02L_KEYMAX_FEATURE
KEYNO,Key_number
KEY_ID,Budget_Number
KEY_ID_ALLOW,Consider_Budget
KFLAG,Change_flag_Purchasing
KHINR,Hierarchy_Area
KIDNO,Payment_reference
KKBER,Credit_control_area
KKOWK,Conds_at_plant_level
KLIBT,Credit_control_amnt
KLVAR,Costing_Variant
KNAZK,Working_times
KNRZA,Alternative_payer
KNRZB,Alternative_payer
KNRZE,Head_office
KNTTP,Acct_Assignment_Cat
KNUMH,Condition_record_no
KNUMV,Doc_condition_no
KNUMVE,Document_condition
KNUMVL,Vendor_condition
KNURL,URL
KOARS,Account_types
KOART,Account_Type
KOBIS,Eff_to
KOINH,Account_holder
KOKFI,CoCd_CO_Area
KOKRS,Controlling_Area
KOLIF,Prior_Vendor
KOMPL,Complete
KONNR,Outline_Agreement
KONTL,Account_assignment
KONTT,Acct_Assignment_Cat
KONZS,Group_key
KOPIM,Copying_control_GR
KORDB,Source_list
KORNR,Corr_misc_provis
KOSAR,Cost_Center_Category
KOSTL,Cost_Center
KOSZSCHL,Overhead_key
KOVON,Valid_from
KO_GSBER,Bus_area_reported_to_partner
KO_PARGB,Partner_s_assumed_bus_area
KO_PPRCTR,Partner_Profit_Ctr
KO_PRCTR,Profit_Center
KRAUS,Cred_info_number
KSCHL,Condition_Type
KSL,Group_currency
KSTAR,Cost_Element
KSTRG,Cost_Object
KTEXT,Profit_Center_Name_Short_1
KTMNG,Target_Quantity
KTOCD,Reference_acct_group
KTOCK,Reference_acct_group
KTOKD,Account_group
KTOKK,Account_group
KTOKS,Account_Group
KTOP2,Country_Chart_Accts
KTOPL,Chart_of_Accounts
KTOSL,Transaction_Key
KTPNR,Principal_Agmt_Item
KTRG,Cost_Object
KTWRT,Target_Val_Header
KTXT2,Acct_Determination_Key_Descr_2
KTXT3,Acct_Determination_Key_Descr_3
KUDIF,Exch_Rate_Diff_Amt
KUFIX,Exchange_Rate_Fixed
KUKLA,Customer_classific
KULTG,Check_cashing_time
KUNNR,Customer
KUR2X,Market_Data_Exchange_Rate_2
KUR3X,Market_Data_Exchange_Rate_3
KURS2,Exchange_rate_2
KURS3,Exchange_rate_3
KURSF,Exchange_rate
KURSR,Hedged_exchange_rate
KURST,Exchange_Rate_Type
KURSX,Market_Data_Exchange_Rate
KUTY2,Exchange_Rate_Type
KUTY3,Exchange_Rate_Type_2
KVERM,Account_memo
KVEWE,Usage
KZABN,Acceptance
KZABS,Acknowledgment_Reqd
KZBEW,Movement_indicator
KZBRB,Gross_reqmts_ind
KZBTR,Orig_reduction_amnt
KZBWS,Spec_Stk_Valuation
KZEAR,Final_Issue
KZFME,Units_of_meas_usage
KZKFG,Origin_of_configuratn
KZKRS,Group_exch_rate
KZMEK,Correction_indicator
KZSTR,Statistically_relev
KZSTU,Binding_on_MRP
KZTLF,Partial_Deliv_Item
KZVBR,Consumption
KZWI1,Subtotal_1
KZWI2,Subtotal_2
KZWI3,Subtotal_3
KZWI4,Subtotal_4
KZWI5,Subtotal_5
KZWI6,Subtotal_6
KZWRS,Group_currency
KZZUG,Receipt_Indicator
LABNR,Order_Acknowledgment
LADAT,Date_of_last_access
LAND1,Country
LANDL,Supplying_Cntry
LANDS,Cntry_for_tax_return
LANDX,Country_Name_Short
LANDX50,Country_Name
LANGDEP,Language_dep
LANGU,Language_Key
LANGUFLAG,Text_Lang
LANGU_CREA,Creation_language
LAUFD,Run_Date
LAUFI,Identification
LBKUM,Valuated_stock
LBLDT,Price_Reference_Date
LBLIF,Receiving_vendor
LBLKZ,SC_vendor
LBLNE,External_Number
LBLNI,Entry_Sheet
LDEST,Output_Device
LDGRP,Ledger_Group
LEBRE,Srv_Based_Inv_Ver
LEDAT,Deliv_Creation_Date
LEGALNAT,Legal_Nature
LEGAL_CONTRACT,Legal_Contract_Number
LEMIN,SRV_Returns_Indicator
LENG,No_of_Characters
LET01,1st_Reminder_Exped
LET02,2nd_Reminder_Exped
LET03,3rd_Reminder_Exped
LEWED,Latest_GR_Date
LFBJA,Fisc_Year_Ref_Doc
LFBNR,Reference_Document
LFEHL,Vendor_error
LFGJA,Fisc_Year_Ref_Doc
LFPOS,Reference_Doc_Item
LFRET,Del_Type_f_Returns
LFURL,URL
LGART,Wage_Type
LGNUM,Warehouse_Number
LGORT,Storage_Location
LGPLA,Storage_Bin
LGTYP,Storage_Type
LICNO,Internal_License_No
LIEFFN,Vendor_error_net
LIFNR,Vendor
LIFRE,Invoicing_Party
LIFSD,Central_delivery_block
LINEID,Set_line_counter
LINE_DEPTH,Hierarchy_level
LINE_ID,Identification
LINFV,Last_Adjustment_Date
LLIEF,Supplying_Vendor
LMEIN,Base_Unit_of_Measure
LNRAN,Sequence_number
LNRZA,Alternative_payee
LNRZB,Alternative_payee
LNRZE,Head_office
LOCATION,Street_5
LOCCO,Location_code
LOCKB,Lockbox
LOCK_IND,Lock_indicator
LOCNT,Incorrect_Logons
LOEKZ,Deletion_Indicator
LOEVM,Central_deletion_flag
LOGFLAG,Change_document
LOGON_DATE,Last_Logon_Date
LOGON_TIME,Last_Logon_Time
LOGSY,Logical_System
LOGSYS,Logical_system
LOGSYSTEM,Logical_System
LOGSYS_A,Logical_system_A
LOGSYS_B,Logical_system_B
LOKKT,Alternative_account_no
LOTKZ,Request_Number
LOWERCASE,Lowercase_Letters
LPHIS,Rel_documentation
LPONR,Last_Item
LSMEH,Delivery_Note_Unit
LSMNG,Del_Note_Quantity
LSTAR,Activity_Type
LSTML,Cntry_for_tax_return
LTEXT,Cost_Center_Description
LTIME,Last_Logon_Time
LTRFLDDIS,Basic_direction_is_set_to_LTR
LTSNA,Vendor_sub_range_relevant
LTSNR,Vendor_Subrange
LTSNR_ALLOW,Include_Vendor_Subrange
LWBAS,Cntry_curr_tax_base
LWERT,Gross_Value
LWSTE,Country_currency_tax
LZBIS,End
LZBKZ,SCB_Indicator
LZONE,Transportation_zone
LZVON,Period
MAA_URZEI,Original_Line_Item_MultAcctAsgn
MABER,Dunning_Area
MADAT,Last_dunned
MAHN1,1st_Reminder_Exped
MAHN2,2nd_Reminder_Exped
MAHN3,3rd_Reminder_Exped
MAHNZ,No_Rem_Expediters
MAINFLAG,Table_Maintenance
MAKZMW,Tax_amount_accepted_manually
MAKZN,Net_amnt_accptd_manually
MANDANT,Client
MANDATORY,Required_field
MANDT,Client
MANSP,Dunning_block
MANST,Dunning_level
MANUAL_TC_REASON,Manual_Tax_Code_Reason
MASTERLANG,Original_Language
MATBF,Stock_Material
MATKL,Material_Group
MATNR,Material
MAT_KDAUF,Sales_Order_2
MAT_KDPOS,Sales_Order_Item_2
MAT_PSPNR,WBS_for_Valuated_SalesOrd_Stock
MBLNR,Material_Document
MCAKEY,MCA_Key
MCOD1,Search_term
MCOD2,Name_2
MCOD3,City
MCTXT,Profit_Center_Name_Short_2
MC_CITY1,City
MC_COUNTY,County
MC_NAME1,Company_name
MC_NAME2,Name_at_Birth
MC_NAMEFIR,First_name
MC_NAMELAS,Last_name
MC_STREET,Street
MC_TOWNSHIP,Township
MEASURE,Funded_Program
MEINS,Base_Unit_of_Measure
MEMORY,Incomplete
MEMORYID,Set_Get_parameter_ID
MEMORYTYPE,Incompleteness
MENGE,Quantity
MENGE_F,Qty_FP_Number_Internal
MENGE_POP,Quantity_MENGE_POP
MENGU,Quantity_updating
MEPRF,Pricing_Date_Control
MERKMAL,Characteristic
MFRGR,Material_freight_grp
MFRNR,Manufacturer
MFRPN,Manufacturer_Part_No
MFZHI,Maximum_CMG_Quantity
MGEFL,Record_Quantity
MGRUP,Grouping_key
MGUID,GUID_of_Mandate
MGVLAREVAL,CCtr_Credit_Cont
MGVLAUPD,Actual_activities_updated
MGVUPD,Actual_Costing
MHDRZ,Min_Rem_Shelf_Life
MILVE,Military_use
MINDK,Minority_indicator
MIN_COMP,Micro_Company
MIN_PAY,Min_Payment_Amount
MISCH,Mixed_Costing
MITKZ,Recon_account_for_acct_type
MJAHR,Material_Doc_Year
MLDDT,Reporting_date
MLMAA,Mat_ledger_active
MMACT,MM_Activity_Type
MNDID,Mandate_Reference
MONAT,Posting_Period
MPROF,Mfr_Part_Profile
MREGL,Sample_acct_rules_var
MRMOK,OK
MRM_ZLSPR,Log_payment_block
MRPIND,Max_Retail_Price_Relevance
MSCHL,Dunning_key
MSEH3,Commercial
MSEH6,Technical
MSEHI,Int_meas_unit
MSEHL,Unit_of_Measure_Name
MSEHT,Measuremt_unit_text
MSFBT,Max_Cash_Disc_in_Foreign_Curr
MSHBT,Max_Cash_Disc_in_Local_Curr
MSL,Quantity
MSR_ID,Process_ID_No
MTART,Material_Type
MULTIPLEX,Multiplex_flag
MUSTR,Sample_account
MWART,Tax_type
MWSK1,Tax_Code_for_Distribution
MWSK2,Tax_Code_for_Distribution_2
MWSK3,Tax_Code_for_Distribution_3
MWSKA,Output_tax_code
MWSKV,Input_tax_code
MWSKZ,Sales_Tax_Code
MWSKZ1,Tax_Code
MWSKZ2,not_in_use
MWSKZ_BNK,Tax_Code
MWST2,Tax_Amount_in_2nd_Local_Curr
MWST3,Tax_Amount_in_3rd_Local_Curr
MWSTS,Tax_Amount_in_Local_Currency
NAMCOUNTRY,Country_for_format
NAME1,Name
NAME2,Name_2
NAME3,Name_3
NAME4,Name_4
NAMEFORMAT,Format_name
NAMEMIDDLE,2nd_forename
NAME_CO,c_o
NAME_FIRST,First_name
NAME_LAST,Last_name
NAME_LAST2,2nd_family_name
NAME_TEXT,Converted_Name
NAME_TEXTC,Full_Name
NATIO,Nationality
NATIO50,Nationality_Long
NATION,Address_Version
NAVFW,Nondeductible
NAVH2,LC2_nondeductible
NAVH3,LC3_nondeductible
NAVHW,Non_deductible
NAVNW,Non_deductible
NEBTR,Payment_amount
NETPR,Net_Order_Price
NETWR,Net_Value
NFABD,Next_JIT_Sched
NICKNAME,Nickname_name_used
NIELS,Nielsen_indicator
NKOST,Subsequent_cost_ctr
NLABD,Next_FRC_Sched
NODEL,Central_del_block
NODETYPE,Node_type_supply_chain
NOHISTORY,No_Input_History
NONTRP_INCLUDED,DD02L_NONTRP_INCLUDED
NOQUANTITY,No_quantity_logic
NOTAXCORR,Do_Not_Correct
NOTES,Flag_Attachment
NOTKZ,Exclusion_Indicator
NOTNO,Note_number
NOTNULL,NOT_NULL_forced
NOTTP,Default_class
NOTYR,Note_year
NOVET,Shipping_block
NO_RWSHEADER,No_Entries_in_Table_RWSHEADER
NO_RWSLINE,No_Entries_in_Table_RWSLINE
NO_SETLINET,No_Entries_in_Table_SETLINET
NPFAZ,Relationship_Network_order
NPLNR,Network
NPRCTR,Successor_profit_ctr
NPREI,New_price
NRFHG,Qual_f_FreeGoodsDis
NSCHEMA,Naming_structure
NSCHN,Interim_stor_p_dest
NTGEW,Net_Weight
NUMKR,Number_range
NUMPG,Number_of_Pages
OBJAPP,Application
OBJCP,Not_changeable
OBJDBLEN,Document_size_in_database
OBJDES,Document_title
OBJECTCLAS,Change_doc_object
OBJECTID,Object_value
OBJECT_ID,SAP_object_ID
OBJENC,Coded
OBJFIL,SAPfile
OBJLA,Doc_language
OBJLEN,Document_size
OBJNAM,Document_name
OBJNO,Object_number
OBJNR,Object_number
OBJPRI,Document_priority
OBJSND,Object_has_already_been_sent
OBJSNS,Sensitivity
OBJSRT,Sort_field
OBJTP,Document_class
OBJYR,Object_year
OBTYP,Object_Category
OBZEI,Original_item
OCOD1,Password_Hash_Key_1
OCOD2,Password_Hash_Key_2
OCOD3,Password_Hash_Key_3
OCOD4,Password_Hash_Key_4
OCOD5,Password_Hash_Key_5
OFFSACCT,Method_offsttng_acct
OFFSET_REFER_DAT,Date_Referred
OFFSET_STATUS,Treasury_Offset_Status
OIAEVGTYPE,Evergreen_type
OIASTBW,Rev_mvmnt_type_ind
OIA_BASELO,Base_loc_ext_det
OIA_IPMVAT,VAT_on_int_mat
OIA_SPLTIV,Split_invoice_verif
OIBASPROD,Base_product_number
OIBASVAL,Base_prod_value
OIBBSWQTY,Additional_Quantity
OIBOMHEAD,BoM_header_mat_no
OIB_GUID_CLOSE,GUID_CLOSE
OIB_GUID_OPEN,GUID_OPEN
OIB_SOCNR,SOC_segment_no
OIB_TIMESTAMP,Tank_dip_timestamp
OICERTF1,External_license_no
OICERTF1_GI,Ext_License_No_GI
OICIMAP,Change_int_price
OICONDCOD,CondKey_2
OIC_ADESTN,Altern_destination
OIC_AORGIN,Alternate_origin
OIC_DCITYC,Dest_city_code
OIC_DCOUNC,Dest_county_code
OIC_DLAND1,Destination_country
OIC_DREGIO,Destination_region
OIC_LIFNR,Vendor_OIC_LIFNR
OIC_MOT,Mode_of_transport
OIC_OCITYC,Origin_city_code
OIC_OCOUNC,Origin_county_code
OIC_OLAND1,Origin_country
OIC_OREGIO,Origin_region
OIC_PBATCH,Pipe_ex_batch_no
OIC_PDESTN,Tax_destination
OIC_PORGIN,Tax_origin
OIC_PTRIP,Pipe_trip_no
OIC_TRUCKN,Truck_number
OIDATFM1,Valid_from_Date
OIDATFM1_GI,Valid_From
OIDATTO1,Valid_to_date
OIDATTO1_GI,Valid_To
OIDRC,Differ_Refer_Code
OID_EXTBOL,Ext_bill_lading_no
OID_MISCDL,Miscell_deliv_no
OID_POREQD,Purchase_order_req
OIEDBAL,ED_balance_indicator
OIEDBALM,Balance_method_ind
OIEDBALM_GI,Balance_Method
OIEDBAL_GI,Excise_Duty_Balance
OIEDCL,ED_clearing_value
OIEDOK,ED_validation_error
OIEDOK_GI,ED_Validation
OIEXGNUM,Exchange_number
OIEXGPTR,Exchange_partner_no
OIEXGTYP,Exchange_type
OIEXTNR,External_tracking_no
OIFEECH,Fee_edit_rules
OIFEEDT,Fee_pricing_date
OIFEEPST,Fee_posting_rules
OIFEETOT,Fee_total
OIFERP,Fee_repricing_ind
OIFTIND,Final_transfer_ind
OIFULTAX,Full_tax_value
OIFUTDT,Future_tax_date
OIFUTDT2,Future_tax_date_2
OIFUTQT,Future_tax_quantity
OIFUTQT2,Future_tax_qty_2
OIFUTTX,Future_tax_value
OIFUTTX2,Future_tax_value_2
OIGHNDL,Gain_handling
OIGLBPR,Qty_in_OPUn_2
OIGLBST,Qty_in_order_unit_2
OIGLCALC,Debit_Credit_Ind_2
OIGLERF,Qty_in_Un_of_Entry_2
OIGLSKU,Quantity_2
OIHANTYP,Handling_Type
OIHANTYPE,Handling_Type_2
OIHANTYP_GI,Handling_Type
OIHCREDIPI,Cred_IPI
OIHVTYPE,Vendor_type
OIH_FOLQTY,2nd_License_Qty
OIH_FOLQTY_GI,2nd_License_Qty
OIH_LCFOL,Follow_on_license
OIH_LCFOL_GI,Follow_On_License
OIH_LICIN,Internal_license_no
OIH_LICIN_GI,Inter_License_No_To
OIH_LICTP,License_type
OIH_LICTP_GI,License_Type
OIIMATV,Int_material_value
OIINEX,ED_pricing_key
OIINEX_GI,ED_Pricing_Key
OIINVCYC,Invoice_cycle
OIINVREC,ED_external_pricing
OIITMNR,Tracking_item
OIJ1BNFFIM,NF_FI_creation_flag
OIKNUMV,Doc_condition_no
OILIVAL,Exchange_valuation
OIMATCYC,Material_inv_cycle
OIMATIE,Material_int_ext_ind
OIMATPST,Material_posting
OIMATREF,Mat_group_ref
OINAVNW,Non_deductible
OINEGPSTG,Neg_fee_posting_line
OINETCYC,Netting_cycle
OINETNUM,Netting_document
OININD,Mov_based_nett_ind
OINJAHR,Fiscal_Year_2
OIOILCON,Oil_content_percentage
OIOILCON2,Oil_content_percentage_2
OIO_RFBLN,Ref_Document
OIO_RFBLP,Ref_Item
OIO_SPROC,Supply_Process
OIO_VSTEL,Shipping_Point_Receiving_Pt
OIPBL,Business_location_ID
OIPIPEVAL,Val_ind_for_pipeline
OIPOSNR,Item_2
OIPOSTZERO,Post_zero_amounts
OIPRICIE,ED_pricing_external
OIPRIOP,Price_opt_gains
OISBREL,S_B_prod_relev_ind
OITAXCON,Excise_duty_tax_val
OITAXFROM,Tax_key_from
OITAXGRP,Excise_Duty_Group
OITAXGRP2,Excise_Duty_Group_2
OITAXGRP_GI,Excise_Duty_Group
OITAXQT,ED_qty_in_STBME
OITAXTO,Tax_key_to
OITAXVAL,Excise_duty_value
OITRIND,Transfer_sign
OITRKJR,Trcknmbr_year
OITRKNR,Tracking_number
OITXCON1,ED_tax_value_1
OITXCON2,ED_tax_value_2
OITXCON3,ED_tax_value_3
OITXCON4,ED_tax_value_4
OITXCON5,ED_tax_value_5
OITXCON6,ED_tax_value_6
OITXVAL0,ED_value_0
OITXVAL1,ED_value_1
OITXVAL2,ED_value_2
OITXVAL3,ED_value_3
OITXVAL4,ED_value_4
OITXVAL5,ED_value_5
OITXVAL6,ED_value_6
OIUMBAR,Val_type_issuing_loc
OIUOMQT,ED_base_quantity
OIVATF,Amount_OIVATF
OIVATH,Amount_in_Local_Currency_2
OIVBELN,Delivery_2
OPVAR,Pstng_period_variant
ORECID,Original_Rec_Ind
ORGANIZATION,Business_Partner_GUID
ORIGIN,Origin
ORT01,City
ORT02,District
OSKTO,Cash_discount_amount_2
OTB_COND_TYPE,OTB_Condition_Type
OTB_CURR,OTB_Currency
OTB_LEVEL,OTB_Check_Level
OTB_REASON,Reason
OTB_RES_VALUE,Reserved_Budget
OTB_SPEC_VALUE,Special_Release_Budget
OTB_STATUS,OTB_Check_Status
OTB_VALUE,Required_Budget
OTEXT,Reference_Transaction_Name
OTYPE,Joint_Venture_Object_Type
OUTPUTLEN,Output_Length
OUTPUTSTYLE,Output
OVRD_RCPMT,Override_Syst_Recoup
OWNNAM,Owner_name
OWNNO,Owner_number
OWNTP,Owner_type
OWNYR,Owner_year
PACKNO,Package_Number
PAENC,Arch_pointer_attchm
PAFOL,Arch_pointer_fldrs
PAHYP,No_of_arch_hyperl
PALAN,No_of_pallets
PAMBO,Archived_pointer_MBO
PAMTF,Payment_currency_amnt
PANOT,Arch_pointer_note
PAOBJNR,Profitab_Segmt_No
PARBU,Clearing_CoCode
PARENT_ID,Parent_line_ID
PARGB,Trading_part_BA
PARKED_QTY,Parked_Invoice_Quantity
PARKED_QTY_F,Parked_Quantity
PASUBNR,Profitability_segment_changes
PAYGR,Grouping
PAYS_PROV,Payment_Service_Provider
PAYS_TRAN,PSP_Payment_Ref
PAY_FRQ_CD,Payment_Frequency
PBAMG,Quantity_3
PBUDGET_PD,Par_Budget_Per
PBUKR,Company_code
PCA_TEMPLATE,Form_Planning_Temp
PCODE1_EXT,Postl_Code_Extension
PCODE2_EXT,Postl_Code_Extension
PCODE3_EXT,Postl_Code_Extension
PCTRL,External_delete
PEINH,Price_Unit
PENDAYS,Days_in_arrears
PENFC,Penalty_charge
PENLC1,Penalty_chge_in_LC
PENLC2,Pen_charge_in_LC2
PENLC3,Pen_charge_in_LC3
PENRC,Reason_for_late_pmnt
PERIV,Fiscal_Year_Variant
PERKZ,Coll_invoice_variant
PERNR,Personnel_Number
PEROP_BEG,Per_of_Perf_Start
PEROP_END,Per_of_Perf_End
PERSNUMBER,Person_number
PERSORIGIN,Personal_data_source
PERS_ADDR,personal_address
PERS_GROUP,Person_group
PFACH,PO_Box
PFKBER,Partner_Func_Area
PFORT,P_O_Box_city
PGEBER,Partner_Fund
PGPRF,Distribution_profile
PGRANT_NBR,Partner_Grant
PGSBR,Business_area
PINCR,Item_Number_Interval
PKOKR,Controlling_area
PKOSA,Cost_Obj_Controlling
PKZER,Plan_revenues
PKZKP,Plan_primary_costs
PKZKS,Plan_secondary_costs
PLAKZ,Planning_element
PLANCHNGNR,Change_number
PLC_SUP,Place_of_Supply
PLIFZ,Planned_Deliv_Time
PLINT,Integrated_planning
PLKAL,Factory_calendar
PLPLA,Distr_differences
PMT_OFFICE,Payment_Office
PODKZB,Relevant_for_POD
POHF_TYPE,Document_Category
POKEN,Item_indicator
POKLA,Item_class
POL_ID,Order_List_Item_Number
POM,Proc_Operational_Month
POPER,Month
POPTS,Option_Rate
POSID,WBS_Element
POSID_EDIT,WBS_Element_2
POSITION,Table_position
POSKI,Short_ID_WBS_elem
POSN2,Sales_Document_Item
POST1,WBS_Element_Name
POSTALAREA,Delivery_District
POSTU,Description_2
POST_CODE1,Postal_Code
POST_CODE2,PO_box_postal_code
POST_CODE3,Company_postal_code
PO_BOX,PO_Box
PO_BOX_CTY,PO_box_country
PO_BOX_LOBBY,PO_Box_Lobby
PO_BOX_LOC,PO_Box_City
PO_BOX_NUM,PO_Box_w_o_no
PO_BOX_REG,PO_Box_Region
PPA_EX_IND,PPA_Exclude_Ind
PPA_RELEVANT,PPA_Relevant
PPDAT,Date_of_Parking
PPDIF2,PartPmt_GainLoss_on_ExchgRate_2
PPDIF3,PartPmt_GainLoss_on_ExchgRate_3
PPDIFF,PartPmt_GainLoss_on_ExchgRate
PPNAM,Parked_by
PPRCT,Partner_Profit_Ctr
PPRCTR,Partner_Profit_Ctr
PPTCOD,Parking_TCode
PPTME,Time_of_Parking
PP_PDATE,Posting_date_for_parking
PRART,Proj_type
PRCTR,Profit_Center
PRDAT,Price_Date
PRDIFF,Price_Diff_in_Local_Currency
PRECFIELD,Name_of_include
PREFIX1,Prefix_1
PREFIX2,2nd_name_prefix
PREPAY_AWKEY,Invoice_Number_for_Prepayment
PREPAY_RELEVANT,Prepayment_Relevant
PREPAY_STATUS,Prepayment_Status
PRIDT,Print_Date
PRIO_REQ,Requirement_Priority
PRIO_URG,Requirement_Urgency
PRITI,Print_time
PRIUS,Print_user
PROCSTAT,Purch_doc_proc_state
PRODPER,Production_Month
PROFESSION,Profession
PROFS,Profession
PROGN,Name_of_the_print_program
PROJK,WBS_Element
PROJN,not_in_use
PROPMANO,Mandate
PROXYTYPE,Proxy_Usage
PROZPUFF,Buffer_percentage
PRQ_SPREGT,Super_region
PRSDR,Print_Price
PRTCT,Title_modifiable
PRZNR,Business_Process
PSALT,Alt_price_control
PSEGMENT,Partner_Segment
PSKTO,Post_bank_acct_no
PSOAK,Reason
PSOBT,Posting_Day
PSODT,Changed_on
PSOFG,Processor_group
PSOFN,File_number
PSOHS,House_number
PSOIS,SLAPrepr_Proced
PSOKS,Region
PSON1,Name
PSON2,Name_2
PSON3,Name_3
PSOO1,Description
PSOO2,Description
PSOO3,Description
PSOO4,Description
PSOO5,Description
PSOSG,Reason_for_reversal
PSOST,Street
PSOTL,Title
PSOTM,Changed_at
PSOTY,Request_Category
PSOVN,First_Name
PSOZL,Actual_posting
PSPHI,Current_proj_no
PSPKZ,Production_lot_ind
PSPNR,WBS_Element_Number
PSPNR_LOGS,Numeric_field_8
PSPRI,Priority
PSSKT,GL_Cash_Discount
PSTL2,PO_Box_Postal_Code
PSTLZ,Postal_Code
PSTYP,Item_Category
PSTYP_ALLOW,Take_Account_of_Item_Categ
PST_PER_VAR,Manage_Postg_Period
PSWBT,GL_Amount
PSWSL,GL_Currency_Code
PS_POSID,WBS_Element
PS_PSP_PNR,WBS_Element
PTENC,Pointer_attachment
PTFOL,Pointer_folders
PTHYP,Number_of_hyperlinks
PTMBO,Pointer_MBO
PTNOT,Pointer_note
PUNEI,Points_unit
PURP_CODE,Classify_Payment_Debit_Memo
PUT_BACK,Put_Back_Indicator
PWDCHGDATE,Date_of_Last_Password_Change
PWDHISTORY,External_History
PWDINITIAL,Indicator_Password_Is_Initial
PWDLGNDATE,Date_of_Last_Password_Logon
PWDLOCKDATE,Date_Password_Lock
PWDSALTEDHASH,Password_Hash_Value
PWDSETDATE,Password_Reset
PWDSTATE,Password_Status
PWFR,On_time_delivery
PWPOS,Currency
PWWE,PtsSc_quality_serv
PYAMT,Pmnt_curr_amnt
PYBASDAT,Payt_Ground_Date
PYBASNO,Payt_Ground_No
PYBASTYP,Payt_Against
PYCUR,Pmnt_currency
PYIBAN,IBAN
PYMTKEY,Payment_Proposal_Key
PYORD,Payment_order
QBSH2,LC2_withholding_tax
QBSH3,LC3_withholding_tax
QBSHB,Withholding_tax_amnt
QBSHH,Withholding_Tax_Amount_in_LC
QINSPST,Status_GR_Doc
QLAND,WH_Tax_Country
QSBGR,Exemption_authority
QSFBT,Wthld_tax_exempt_amt
QSREC,Recipient_type
QSSHB,Withhold_tax_base
QSSKZ,Withholding_Tax_Code
QSSYS,Actual_QM_system
QSSYSDAT,QM_system_valid_to
QSZDT,Valid_until
QSZNR,Exemption_number
RACCT,Account_Number
RANBWA,Transact_type
RANLN1,Asset
RANLN2,Subnumber
RAPCNT,Number_in_process
RARCNT,No_of_recipients_with_ToDo
RATCNT,No_recips_taken_act
RBCCNT,Send_blind_copy
RBET2,Local_currency_2_amount_paid
RBET3,Local_currency_3_amount_paid
RBETR,Amount_paid_in_local_currency
RBMNG,Invoice_doc_qty
RBSTAT,Invoice_Status
RBUKRS,Company_Code
RBUSA,Business_Area
RBWWR,Vend_inv_amnt_FC
RCLNT,Client
RCNTR,Cost_Center
RCOMP,Company
RCPCNT,Copies_sent
RDBILLM,Delta_Invoice_Month
RDIF2,Realized_difference_2
RDIF3,Difference_realized_3
RDIFF,Difference_realized
RDPOM,Po_Per_Diff_OM
RDPRF,Rounding_Profile
REASON,Reason
REASON_CODE,Reason_Code
REBZG,Invoice_reference
REBZJ,Fiscal_Year_of_Related_Invoice
REBZT,Follow_on_doc_type
REBZZ,Line_Item_in_Related_Invoice
RECCNT,Number_of_Recipients
RECHN,Invoice
RECIC,Rec_Indicator_Credit
RECID,Recovery_Indicator
RECID_MAN,Rec_Indic_Manual
RECOUP_PC,Recoupment_Percent
REC_BELNR,Document_Number
REC_GJAHR,Fiscal_Year_2
REEWR,Invoice_Value
REFACTIV,Business_Transaction
REFAWORG,Reference_Org_Unit
REFAWREF,Reference_Document
REFAWTYP,Reference_Transact
REFCYC,Reference
REFDOCCT,Document_Type
REFDOCLN,Reference_Line_Item
REFDOCNR,Document_Number
REFFIDLN,Line_item
REFFIDOC,Clearing_Document
REFFIELD,Ref_field
REFKIND,Type_Cat_coded
REFLOGSYS,Logical_system
REFRYEAR,Fiscal_Year
REFSITE,Purchasing_Reference_Site
REFTABLE,Reference_table
REFTYPE,Type_of_Object_Referenced
REFWR,Invoice_value_in_FC
REF_ITEM,Reference_Item
REGIO,Region
REGIOGROUP,Reg_Struct_Grp
REGION,Region
REGROU,Equity_group
REGSS,Social_Insurance
REINDAT,Invoice_receipt_date
RELEASE_DATE,Release_Date_of_Contract
RELOC_ID,Relocation_ID
RELOC_SEQ_ID,Relocation_Step_ID
RELTYPE,Relationship_type
REMIT,Next_payee
REMNG,Quantity_invoiced
REPART,Invoice_Verif_Type
REPOS,Invoice_Receipt
REPRF,Check_double_invoice
REPTEXT,Heading
RESERVE,Reserve
RESERVED,Reserved
RESERVEDTE,ReserveFlag
RESERVETAB,SDIC_Reserve_for_tables
RESLO,Issuing_Storage_Loc
RESPONSIBLE,User_Responsible
RESUBMISSION,Resubmission_Date
RESWK,Supplying_Plant
RES_CNTRY,Resident_Country
RES_REGION,Region_of_Residence
RETAMTP_FC,Posted_Retention_in_Doc_Curr
RETAMTP_LC,Posted_Retention_in_LC
RETAMT_FC,Retention_in_Doc_Curr
RETAMT_LC,Retention_in_LC
RETDUEDT,Due_Date_for_Retention
RETPC,Retention_in_Percent
RETPO,Returns_Item
RETTP,Retention
REVDB,Last_ext_review
REVLV,Revision_Level
REVNO,Version
REV_CAT,Review_Category
REWRB,FC_invoice_amount
REWRT,Invoice_Value
REWWR,Invoice_value_in_FC
REXCNT,No_of_express_messages_sent
RE_ACCOUNT,Ex_Rv_A_c_in_CL
RE_BUKRS,Company_Code
RFIPPNT,Reference_Point
RFTTRN,Payment_code
RFZEI,Pmnt_card_line_item
RG,RG_Number
RGDATE,RG_Issuing_Date
RIC,RIC_Number
RJVNAM,Joint_Venture
RKOKRS,Controlling_Area
RLDNR,Ledger
RLWRT,PO_Amount
RMWWR,Gross_invoice_amount
RNE,Foreign_National_Registration
RNEDATE,RNE_Issuing_Date
ROLLNAME,Data_element
ROOMNUMBER,Room_Number
RORDNR,Order
ROUTPUTLEN,No_of_Characters_ROUTPUTLEN
RPACQ,Per_of_Acquisition
RPARTN,Partner
RPMKR,Regional_Market
RPOST,Number_of_items_paid
RPRCTR,Profit_Center
RPROJK,WBS_Element
RRCTY,Record_Type
RRDCNT,Read_Counter
RRECIN,Recovery_Indicator
RRPCNT,Replied_counter
RRRCNT,Reply_required_counter
RSART,Record_type
RSKO2,Total_Discount_in_2_LC
RSKO3,Total_Discount_in_Third_LC
RSKON,Cash_discount_loc_cur
RSNUM,Reservation
RSPE1,Form_Charges
RSPE2,Form_Charges
RSPM1,Charges_1
RSPM2,Charges_2
RSPOS,Item_No_Stock_Transfer_Reserv
RSTGR,Reason_code
RSTR_CHG_FL,Restrict_Transfers
RTCUR,Transaction_currency
RTEXT,No_txt_lines_for_items_paid
RUMSK,Special_G_L_Ind
RUNIT,Base_Unit_of_Measure
RVALUE,Representative_value
RVERS,Version
RWBTR,Amount_paid
RWSKT,Cash_discount_amount
RYACQ,Year_of_acquisition
RYEAR,Fiscal_Year
RZAWE,Payment_Method
RZUMS,Target_Spec_G_L_Ind
SAISJ,Season_Year
SAISO,Season
SAKAN,GL_Account_external_format
SAKNR,GL_Account_from_Subledger
SAKTO,GL_Account_from_PO
SALK3,Total_Value
SAMNR,Collective_invoice
SAMPLED,Sampled_invoice
SAPRL,SAP_Release
SAP_OBJECT,Object_Type
SATNR,Cross_plant_CM
SBNAMAG,Pers_Rsp_Internally
SBNAMAN,Person_Resp_Externally
SBREFLN,Ref_SB_Line_Nmbr
SCACD,SCAC
SCD_TEMPL,Acty_Dep_Alloc_Template
SCHEDULING_TYPE,Scheduling_Procedure
SCHPR,Estimated_Price
SCI_TEMPL,Acty_Indep_Alloc_Temp
SCMPROC,SCMPROC
SCOPE,Object_Class
SCRLEN1,ShortFieldLabelLen
SCRLEN2,MediumFieldLabelLen
SCRLEN3,Long_field_label_len
SCRTEXT_L,Long_field_label
SCRTEXT_M,Medium_Field_Label
SCRTEXT_S,Short_field_label
SCTAX,Tax_portion_FI_CA
SDATE,Start_Date
SDDAT,Send_date
SDTIM,Sent_at
SECCO,Section_Code
SECURITY_POLICY,Security_Policy
SEGMENT,Segment
SEND,SCF_Send_WT_Ind
SEQNAME,Segment_name
SEQNR,Segment_number
SEQ_TYPE,Sequence_Type
SERNP,Serial_no_profile
SERRU,Subcontracting_type
SERVER,Server
SETCLASS,Set_class
SETNAME,Set_Name
SETTYPE,Set_type
SET_OLANGU,Original_Language
SEX,Gender_key
SEXKZ,Sex
SFRGR,Carrier_freight_grp
SF_TXJCD,Origin_Jurisd_Code
SGTXT,SGTEXT
SGT_RCAT,Requirement_Segment
SGT_SCAT,Stock_Segment
SGT_UMSCAT,Rec_Stock_Segment
SHBKZ,Special_G_L_ind
SHIPCOND,Shipping_Conditions
SHKUM,D_C_indicator_reval
SHKZG,Debit_Credit_Ind
SHLPEXI,Search_help_to_table_exists
SHLPFIELD,Search_help_param
SHLPNAME,Search_Help_Name
SHLPORIGIN,Origin
SHZUZ,Cash_discount
SID,Payer_of_a_Payment
SIGNFLAG,Sign
SIKGR,Processing_key
SJAHR,Material_Doc_Year_Not_used
SKD_TEMPL,Templ_Act_Stat_Key_Figure
SKFBT,Discount_base
SKIPS,Execute_Skip_screen
SKI_TEMPL,Templ_Act_Stat_Key_Figure
SKNT2,LC2_cash_disc_amnt
SKNT3,LC3_cash_disc_amnt
SKNTO,Cash_discount_amount
SKTOF,No_Cash_Discount
SKVFW,Lost_cash_disc_FC
SKVHW,Lost_cash_disc_LC
SLAND1,Country
SLWID,Field_key
SMBLN,Material_Document_Not_used
SMBLP,Material_Doc_Item_Not_used
SMTP_ADDR,E_Mail_Address
SNAME,User_Name
SNAME1,Name
SNAME2,Name_2
SNAME3,Name_3
SNAME4,Name_4
SOBKZ,Special_Stock
SORT01,City
SORT1,Search_Term_1
SORT2,Search_Term_2
SORT3,Sort_string_3
SORTL,Search_term
SORT_PHN,Sort_Phonetically
SOURCE_ID,Origin_Profile
SOURCE_KEY,Key_in_Source_System
SOURCE_LOGSYS,Logical_system
SOURCING,AF_srce_det_via_ATP
SPART,Int_co_billing_div
SPEC_NO,Model_Serv_Specifications
SPERM,Central_purchasing_block
SPERQ,Block_function
SPERR,Central_posting_block
SPERZ,Payment_block
SPE_ABGRU,Reason_for_rejection
SPE_CHNG_SYS,Last_Changer_s_System_Type
SPE_CQ_CTRLTYPE,Control_Type
SPE_CQ_NOCQ,No_CQ_Transmission
SPE_CRM_FKREL,Billing_Relevance_CRM
SPE_CRM_REF_ITEM,CRM_Rf_Item_No
SPE_CRM_REF_SO,CRM_Ref_Order
SPE_CRM_SO,CRM_Sales_Order
SPE_CRM_SO_ITEM,CRM_Item_No
SPE_EWM_DTC,EWM_Del_Tol_Chk
SPE_GTS_STOCK_TY,GTS_Stock_Type
SPE_INSMK_SRC,Source_Stor_Loc_Stock_Type
SPGRC,BlockReason_quality
SPGREXT,Block_Reason_Enhan
SPGRG,Blocking_reason_OPQ
SPGRM,Blocking_reason_qty
SPGRP,Blocking_reas_price
SPGRQ,Manual_Block_Reason
SPGRS,Blkg_Reason_Item_Amount
SPGRT,Block_Reason_Date
SPGRV,Blocking_reas_proj
SPINF,Info_Record_Update
SPLEV,Payment_Block_Level
SPOOL_DEV,Output_Device
SPRACHE,Logon_Language
SPRAS,Language_Key
SPR_RSN_PROFILE,OTB_Reason_Profile
SPSNR,Std_WBS_element
SPSTLZ,Postal_code
SQLTAB,Pool_cluster_name
SQUAN,Quantity_Sign
SREGL,Selection_rule
SRM_CONTRACT_ID,Central_Contract
SRM_CONTRACT_ITM,Central_Contract_Item
SRTBP,Business_Place
SRTF1,Sort_Order_Format_1
SRTF2,Sort_Order_User
SRTF3,Sort_Order_Format_2
SRTGB,Business_Area
SRTYPE,Type_of_Addtnl_Recvabl
SRVMAPKEY,Item_ID
SRVPOS,Service
SRV_BAS_COM,Service_Based_Commitment
SRV_BEG_DT,Service_Begin_Date
SRV_END_DT,Service_End_Date
SSBLK,Payment_Sampling_Block
SSQSS,QM_Control_Key
SSTRAS,Address
SSTRS2,Address_2
STAFO,Update_group_stats
STAGING_TIME,Staging_Time
STAKO,Time_dep_conditions
STAKZ,Statistics_indicator
STAPO,Statistical
START_MENU,Start_menu
STAT,Status
STATU,Status
STATUS,Item_status
STBKZ,Posting_indicator
STBLA,Reverse_DocumentType
STBLG,Reversed_with
STBSL,Reversal_posting_key
STBUK,Tax_company_code
STCD1,Tax_Number_1
STCD2,Tax_Number_2
STCD3,Tax_Number_3
STCD4,Tax_Number_4
STCD5,Tax_Number_5
STCDT,Tax_number_type
STCEG,VAT_Registration_No
STCEG_L,Country_sls_tax_no
STEKZ,Version_Number_Component
STENR,Tax_Number
STEXT,GL_acct_add_text
STGRD,Reversal_Reason
STJAH,Reversed_fiscal_year
STKZA,Sales_equalizatn_tax
STKZN,Natural_Person
STKZU,Liable_for_VAT
STMDT,Date_of_Pgm_Run_for_Tax_Return
STMTI,Time_of_Pgm_Run_for_Tax_Return
STOCK_POSTING,Stock_Posting
STODT,Reverse_posting_date
STORETYPE,Store_Cat
STORT,Location
STRAS,Street
STREET,Street
STREETABBR,Street_Abbreviation
STREETCODE,Street_Code
STRGB,Business_Area
STR_SUPPL1,Street_2
STR_SUPPL2,Street_3
STR_SUPPL3,Street_4
STSMA,Status_Profile
STTAX,Statistical_tax
STUFE,Level
STUNR,Step_number
SUBCLASS,Organizational_Unit
SUBMI,Collective_Number
SUBMI_RELEVANT,Rel_for_Coll_No
SUBPR,Subproject
SUBSET,Subset
SUBSETCLS,Subset_class
SUBSETNAME,Subset_ID
SUBSETSCLS,Subset_subclass
SUFRAMA,Suframa_Code
SUPPLIER_IC,Vendor_Item_Code
SURCCM,Surcharge_Method
SWITCH_SIGN,SCF_Switch_Amt_Sign
TABCLASS,Table_category
TABKEY,Table_Key
TABLEN_FEATURE,DD02L_TABLEN_FEATURE
TABLETYPE,Table
TABNAME,Table_Name
TADAT,Technical_completion
TANUM,Transfer_Order_Number
TAXBS,Tax_base
TAXIW,Tax_Indicator_Plant
TAXJURCODE,Tax_Jurisdiction
TAXPS,Tax_doc_item_number
TAX_SUBJECT_ST,Tax_Subj_to_ST
TBNUM,TR_Number
TBPOS,TR_Item
TBPRI,Transfer_Priority
TBTKZ,Subseq_debit_credit
TCOBJNR,Object_number
TCODE,Transaction_Code
TCODE2_MKPF,Transaction_Code
TC_AUT_DET,TC_Auto_Det
TDT,Tax_Declaration_Type
TECHDESC,Description
TECHS,Standard_Variant
TELBX,Telebox_number
TELF1,Telephone_1
TELF2,Telephone_2
TELFX,Fax_Number
TELTX,Teletex_number
TELX1,Telex_number
TEL_EXTENS,Extension
TEL_NUMBER,Telephone
TERMID,Terminal_ID
TERMINAL,Terminal
TERM_LI,Terms_of_Liability
TEXT,Field_name
TEXT1,Payment_Method_Name
TEXT_CASE,Text_flag
THRESHOLD_EXISTS,Thresh_Val_Exists
TIME,IDOC_Create_Time
TIMESTAMP_AVIS,TimeStamp_PytAdvice
TIME_ZONE,Time_zone
TITLE,Title
TITLE_ACA1,Academic_Title_1
TITLE_ACA2,2nd_academic_title
TITLE_SPPL,Name_Supplement
TLFNS,Acct_clerks_tel_no
TLFXS,Acctg_clerk_s_fax
TOGRR,Del_tolerance_grp
TOGRU,Tolerance_group
TOWNSHIP,Township
TOWNSHIP_CODE,Township_code
TPLNR,Functional_Location
TRANSPORT_CHAIN,Transportation_Chain
TRANSPZONE,Transportation_zone
TRDAT,Last_Logon_Date
TRMEQ,Activity_dates
TRMRISK_RELEVANT,Risk_Relevancy
TSL,Transaction_Currency
TWRKZ,Partial_Invoice
TXBFW,Original_tax_base_amt_Doc_Curr
TXBH2,LC2_tax_base_amount
TXBH3,LC3_tax_base_amount
TXBHW,Original_tax_base_amount_LC
TXDAT,Tax_date
TXGRP,Group_indicator
TXJCD,Tax_Jurisdiction
TXJCD_BNK,Tax_Jurisdiction
TXJDP,Jurisdiction_code
TXJLV,Tax_jurisdiction_level
TXKRS,Rate_for_taxes
TXLW1,ICMS_law
TXLW2,IPI_law
TXMOD,Tax_modified
TXN08,Standard_text
TXNAM_MA1,Text_1st_dunning
TXNAM_MA2,Text_2nd_dunning
TXNAM_MA3,Text_3rd_dunning
TXT,Business_Transaction_Name
TXT04,Object_status
TXT20,Short_Text
TXT30,Object_status_long
TXT50,GL_Acct_Long_Text
TXTSL,Key_in_code_line
TXTSP,Language_Key
TXZ01,Short_Text
TYPEID_A,Object_Type_A
TYPEID_B,Object_Type_B
TZONE,Time_Zone
TZONRC,Rec_loc_time_zone
UBHKT,GL_Account_No
UBKNT,Our_account_number
UBKON,Bank_control_key
UBNKL,House_bank_number
UBNKS,Bank_Country
UBNKY,House_bank_key
UBNUM,PostingChange_Number
UDATE,Date
UEBGDAT,Date_of_legal_dunn
UEBPO,Higher_Level_Item
UEBTK,Unltd_Overdelivery
UEBTO,Over_delivery_tolerance
UF,State
UFLAG,User_Lock_Status
UHCNT,Number_status_HOLD_for_object
UIBAN,IBAN_at_our_House_Bank
UMBAR,Val_Type_Tfr_Batch
UMCHA,Receiving_Batch
UMJAH,Sales_year
UMKRS,Taxes_on_sls_purc
UMLGO,Receiving_Stor_Loc
UMMAB,Receiving_Material_2
UMMAT,Receiving_Material
UMRD2,Translation_date_for_2nd_LC
UMRD3,Translation_date_for_3rd_LC
UMREN,Denominator
UMREZ,Equal_To
UMSA1,Annual_sales
UMSAT,Annual_sales
UMSKS,Sp_GL_trans_type
UMSKZ,Special_GL_ind
UMSOK,Spec_Ind_Stock_Tfr
UMWRK,Receiving_Plant
UMZST,Restricted_Use
UMZUS,Stat_key_tfr_batch
UNITPRICE,Unit_Price
UNIT_NEW,Referenced_unit_New
UNIT_OLD,Referenced_unit_Old
UNPLV,Unpl_Val_w_o_Cntr
UNSEZ,Our_Reference
UNTTO,Underdel_Tolerance
UPDAT,Confirmation_date
UPDDATE,Last_Changed_On
UPDDT,Last_update
UPDTIME,Time_of_last_change
UPDUSER,Last_Changed_By
UPINC,Subitem_Interval
UPTIM,Confirmation_time
UPTYP,Subitem_Category
UPVOR,Sub_items
URLID,Knwn_negotiat_leave
URZEI,Original_line_item
USE04,User_field_unit_1_WBS
USE05,User_field_unit_2_WBS
USE06,Ufield_unit_1_WBS
USE07,Ufield_unit_2_WBS
USEQU,Quota_arr_usage
USER1,Communication_Number
USER2,User_field
USERNAME,User
USER_NAME,User_Name
USNAM,Created_by
USNAM_MKPF,User_name
USR00,Ufield_1_WBS_element
USR01,Ufield_2_WBS_element
USR02,Ufield_3_WBS_element
USR03,Ufield_4_WBS_element
USR04,Ufield_Quanty_1_WBS
USR05,Ufield_Quanty_2_WBS
USR06,Ufield_value_1_WBS
USR07,Ufield_value_2_WBS
USR08,Ufield_date_1_WBS
USR09,Ufield_date_2_WBS
USR10,Ufield_Ind_1_WBS
USR11,Ufield_Ind_2_WBS
USTYP,User_Type
UTCTIME,Short_Time_Stamp
UTIME,Time
UUID_BELATED,UUID_generated_later
UWAER,Currency_of_sales
UWERT,Unplanned_Portion
UZAWE,Pmt_meth_supplement
VALEXI,Fixed_values_exist
VALFROM,From_value
VALOBJTYPE,Type_of_the_Valuation_Object
VALOBJ_ID,Identifier_ValObj
VALOPTION,Option
VALPOS,Value_key
VALSIGN,SIGN
VALSOBJ_ID,ID_of_ValSubobj
VALTO,To_value
VALUE_NEW,New_value
VALUE_OLD,Old_value
VALUT,Value_date
VATDATE,Tax_Reporting_Date
VBEL2,Sales_document
VBELN,Billing_Document
VBELN_IM,Delivery
VBELN_ST,Delivery
VBELP,Sales_Document_Item
VBELP_IM,Item_3
VBELP_ST,Delivery_Item
VBEWA,Flow_Type
VBLNR,Payment_document_no
VBUND,Trading_Partner
VERAK,Profit_Center_Owner
VERAK_USER,User_Responsible
VERDT,Valid_To
VERKF,Salesperson
VERNA,Name_of_Person_Resp
VERNR,No_of_Person_Resp
VERSION,Version
VERSN,User_master_record_version
VERTN,Contract_Number
VERTT,Contract_Type
VETEN,Schedule_line_number
VFDAT,SLED_BBD
VGABE,Trans_event_type
VGART,Transaction_Type
VGART_MKPF,Trans_Event_Type
VIEWCLASS,View_Type
VIEWGRANT,Maint_status
VIEWREF,View_name
VIEWREF_ERR,DD02L_VIEWREF_ERR
VKMWS,Tax_code_2
VKORG,Sales_organization
VKWRA,Sales_value_w_o_VAT
VKWRT,Sales_Value_inc_VAT
VLFKZ,Plant_cat
VLIBB,Amount_insured
VLPKZ,Reference_WBS
VLPSP,Ref_WBS_element
VMETH,Allocation_methods
VMSAL,Value_of_TotValStock_PrevPeriod
VMTYP,Execution_type
VNAME,Joint_Venture
VOIDD,Voided_Check_Date
VOIDR,Void_reason_code
VOIDU,Voided_by
VOLEH,Volume_unit
VOLUM,Volume
VORAB,Advance_procurement
VORGN,GL_Transaction_Type
VORNR,Operation_Activity
VPOS2,Number
VPROZ,Distribution_percentage
VPRSV,Price_control
VPTNR,Partner
VRBKZ,Institution_number
VRKUM,Stock_prev_post_per
VRSDG,Reason_code_conv
VRSDT,Insurance_date
VRSKZ,Insurance_ind
VRSNR,Policy_number
VRSPR,Deductible
VRSZL,Lead_months
VRTKZ,Distribut_indicator
VSART,Shipping_type
VSCHN,Int_st_post_source
VSTEL,Shipping_Point_Receiving_Pt
VTBFI,Sales_area_detrm
VTEXT,Description
VTWEG,Distrib_channel
VZSKZ,Interest_indicator
WAABW,Max_exchange_rate_deviation
WABWE,GI_based_goods_rcpt
WAERS,Currency
WAKON,B_exch_charges_terms
WAPOS,Maintenance_item
WARPL,Maintenance_Plan
WAS_PLANND,gen_from_plan_changes
WBRSL,Value_adjustment
WDATE,Issue_date
WEAKT,GR_Message
WEAMX,No_Bills_Ex_with_Max_Amount
WEANZ,Number_of_GR_Slips
WEART,Bill_of_exch_type
WEBAZ,GR_Processing_Time
WEBRE,GR_Based_Inv_Verif
WEBTR,B_exch_limit
WEFAE,Bill_exch_due_date
WEFMX,Max_Amt_per_Bill_Ex
WEFRS,Rem_Amt_Bill_Ex
WEHMX,Max_Amt_per_Bill_Ex
WEHRS,Rem_Amt_Bill_Ex
WEMNG,Quantity_Received
WEMPF,Goods_recipient
WENWR,Accepted_net_value_in_FC
WEORA,Origin_Acceptance
WEPOS,Goods_Receipt
WEREC,GR_IR_Clearing
WERKR,Plant_level_relevant
WERKS,Plant
WERKS_ALLOW,Take_Account_of_Plnt
WERTU,Value_Update
WESBB,Val_GR_Blocked_Stock_in_OUn
WESBS,GR_Blck_Stock_in_OUn
WEUNB,GR_non_valuated
WEVWV,Planned_usage
WEWRT,Value_of_goods_rec
WEWWR,GR_value_for_curr
WFVAR,Workflow_variant
WGBEZ,Material_Group_Desc
WGBEZ60,Material_Group_Name
WITH_PARAMETERS,DD02L_WITH_PARAMETERS
WKSOP,SOP_plant
WKURS,Exchange_Rate
WLSTN,Print_dataset_for_b_exch
WMETH,Acct_Managed_in_Ext_System
WMWST,Tax_amount_in_Document_Currency
WMWST1,Value_Added_Tax_Amt
WMWST2,not_in_use_2
WRBT1,Amount_in_FC_for_Tax_Dist
WRBT2,Amount_in_FC_for_Tax_Dist_2
WRBT3,Amount_in_FC_for_Tax_Dist_3
WRBTR,Amount_in_Document_Currency
WRBTR_POP,Amount_in_Doc_Curr_WRBTR_POP
WRF_CHARSTC1,Characteristic_Value_1
WRF_CHARSTC2,Characteristic_Value_2
WRF_CHARSTC3,Characteristic_Value_3
WRONGCL,Enhancement_category_incorrect
WSDAT,Value_date
WSKTO,Discount_amount
WT_NEWWT,Extend_w_tax_active
WVERW,Bill_Exchange_Usage
WWERT,Translation_Date
XAEND,Proposal_changed
XAKTZ,Bill_of_exch_accepted
XALLOCACT,Act_allocation
XALLOCPLAN,Plan_allocation
XANET,Down_Payment_in_Net_Procedure
XARCH,Archived
XAUSG,Self_issued_document
XAUSZ,Account_statement
XAUTAKZ,Auto_accepted
XAUTO,Auto_created
XAVIS,Sep_payment_advice
XBANC,Paid_check
XBAUF,Post_to_order
XBBBA,Purchase_requisition
XBBBE,PO_scheduling_agmt
XBBBF,Inventory_management
XBBKO,Contract
XBBSC,Shopping_Cart
XBEAU,Automatic_PO
XBILK,Balance_sheet_account
XBKKT,Bank_details
XBKST,Posting_to_cost_cent
XBLNR,Vendor_Invoice_No
XBLNR_ALT,Alt_Reference_Number
XBLNR_MKPF,Reference
XBLVS,Posting_in_WM
XBPRO,Post_to_project
XBUKR,Intercompany_payment
XCESSION,Accts_recble_pled_active
XCHPB,Transf_Pymt_Block
XCHPM,Transf_Pymt_Method_for_Change
XCONDITIONS,Conditions_for_item_but_no_inv
XCOPM,Payment_Medium
XCORR,Paymt_correspondence
XCOS,Cost_of_sales_accounting_actv
XCOVR,Hedge_request_active
XCPDD,Individ_set
XCPDK,One_time_account
XCPRF,Commodity_Repricing
XDEZV,Local_processing
XDINV,Ind_Diff_Invoicing
XDTCH,Check_Date
XDYNAMIC,Dynamic_set
XEDIP,Pmnt_advice_by_EDI
XEGDR,EU_triangular_deal
XEINK,Purchase_acct_proc
XEINZ,Incoming_Pmnts
XEKBZ,Ind_Upd_Del_Cst
XERSY,Eval_receipt_sett
XESRD,ISR_data_set_in_the_document
XEURO,EU_Internal_Transfer
XEXTB,External_co_code
XEZER,Collection_authorization
XFAKT,Billing_Doc_Update_Successful
XFDIS,Cash_Management_activated
XFDMM,Update_MM_in_CMF
XFDSD,Update_SD_in_CMF
XFMCA,Update_FM
XFMCB,Csh_bdgt_mgt_active
XFMCO,Project_Cash_Mgmt_active
XFRGE_BSEG,Payment_Is_Released
XGJRV,Propose_fiscal_year
XGKON,Relevant_to_cash_flow
XGSBE,Business_area_fin_statements
XGSUB,Inter_company_postgs
XHKOM,Manual_GL_account
XHRES,Indicator_Resident_GL_Account
XIBAN,SWIFT_Code_and_IBAN
XICMS,ICMS_exempt
XINTB,Post_automatically_only
XINVE,Investment_ID
XJVAA,JV_Accounting_Active
XKDFB,No_exchange_rate_differences
XKDFT,Post_translation
XKKBI,Control_area_can_be_input
XKKPR,Cust_vend_check
XKNZA,Accts_for_alt_payer
XKNZB,Accts_for_alt_payer
XKOAA,Assets
XKOAD,Customer
XKOAK,Vendor
XKOAM,Material
XKOAS,G_L_account
XKRES,Line_item_display
XKURSX,Market_Data_Exchange_Rate
XLFZA,Accts_for_alt_payee
XLFZB,Accts_for_alt_payee
XLGCLR,Ledger_Group_Specific_Clearing
XLIFO,LIFO_FIFO_relevant
XLOEB,Mark_for_deletion
XLOEV,Mark_for_deletion
XMACC,Multiple_Acct_Assignment
XMANU,Manual_check
XMCA,Doc_from_MCA
XMGES,Enter_trading_part
XMITK,Recon_acct_ready_for_input
XMLST,Status_XML_PytAdvice
XMREF,Reference_number
XMREF2,Reference_required
XMTXT,Document_header_text
XMWNO,Posting_without_tax_allowed
XMWSN,Tax_base_is_net_value
XMWST,Calculate_tax
XNACH,Doc_Data_Must_be_Reread
XNCOP,Items_Cannot_Be_Copied
XNEGP,Negative_posting
XNETB,Net_document_type
XNGBK,Doc_type_for_subseq_adjustmnt
XNKON,Supplement_auto_postings
XNMRL,Official_document_numbering
XNOPO,Generate_payment_order_only
XNO_ACCNO,No_Acc_Num_Required_Ind
XOBEW,Vendor_stock_valuation
XOBLR,Affects_commitments
XOPVW,Open_Item_Management
XORB,Payment_meth_class
XPANZ,Display_item
XPCPT,PurposeComplete_Flag
XPGIR,Post_office_curr_acct_method
XPLAN,Planning
XPORE,Individual_pmnt
XPOSACC,Post_to_Position_Accounts
XPROD,Company_code_is_productive
XPSKT,Pmnt_by_Postal_Check_Ind
XPYAM,Predefined_pmnt_amnt
XPYPR,Payment_sent
XRAGL,Reverse_clearing
XRBTX,Several_tax_codes
XREBZ,Invoice_refer
XRECH,Invoice
XREF1,Reference_key_1
XREF1_HD,Ref_key_header_1
XREF2,Reference_key_2
XREF2_HD,Ref_key_header_2
XREF3,Reference_key_3
XREORG,Open_Itm_Reorganized
XRETTAXNET,Tax_Reduction_for_Retention
XREVERSAL,Reversal_Indicator
XROLLUP,Rollup
XRUEB,Document_is_back_posted
XRUEJ,Post_to_prev_year
XRUEM,Allow_posting_to_previous_per
XRVUP,SAP_billing_document
XSAEN,Unconfirmed_change
XSALH,Only_balances_in_local_crcy
XSAUF,Order_post_statist
XSBL,Split_Basis_Line
XSCHK,Check_is_created
XSCRC,Rec_Ent_Fm_Mster
XSEPA,SEPA_Mandate_Required
XSERG,PrA_posting_stat
XSIWE,Bill_on_demand
XSKFN,Discount_base_is_net_value
XSKRL,W_o_cash_disc
XSKST,CCtrPostingStatist
XSLTA,No_forex_rate_diff_in_LC_clrng
XSNET,Calculate_taxes_on_net_amount
XSONU,Special_GL
XSPEA,Blocked_for_creation
XSPEB,Blocked_for_posting
XSPEP,Blocked_for_planning
XSPLIT,Split_Posting
XSPLT,Enable_amount_split
XSPRO,Proj_posting_stat
XSTAT,Statistical
XSTDT,Tax_determ_with_doc_date
XSTOV,Reversal_flag
XSUBT,SubTrib_group
XSWEC,Check_bill_of_exchange
XSYBL,Batch_input_only
XUACPA,AP_Assgmnt_Is_Unique
XUMAN,Trans_Posting_from_Down_Pymt
XUMSW,Sales_related
XUNIQ,Must_be_unique
XUNPL,UAcctAssignment
XUSVR,Tax_details_changed
XVALV,Define_default_value_date
XVATDATE,Tax_Reporting_Date_Active
XVERR,Clearing_with_vendor
XVORK,Init_acct_assignment
XVORL,Indicator_Only_Proposal_Run
XVVWA,Financial_Assets_Mgmt_active
XWANF,Crt_BillExchPmntReq_Ind
XWECH,Crt_BillExchPosting_Ind
XWECS,Crt_BillExchBeforeDueDate_Ind
XWOFF,Calcn_of_value_open
XWSBR,RevGR_despite_IR
XWVOF,B_ex_before_due_date
XXIPI,IPI_exempt
XZAHL,Payment_transaction
XZANF,Payment_demand
XZBRV,Print_PmntTerms_in_RV_papers
XZEMP,Alt_payer_in_doc
XZVER,Record_pmnt_history
XZWHR,Allowed_for_personnel_payments
X_PP_PROCESS,Ex_rate_dif_part_pyt
ZADNR,Payee_Address_Number
ZAEHK,Counter
ZAHLS,Payment_block
ZALDT,Payment_date
ZAMIB,Accounting
ZAMIM,Customer_with_CI
ZAMIO,Customer_w_o_CI
ZAMIR,Legal_department
ZAMIV,Sales
ZANRE,Title
ZBD1P,Discount_Percent_1
ZBD1T,Days_1
ZBD2P,Discount_Percent_2
ZBD2T,Days_2
ZBD3T,Days_net
ZBDXP,Cash_discount_percentage
ZBDXT,Cash_discount_days
ZBFIX,Fixed
ZBKON,Bank_Control_Key
ZBNKL,Bank_number
ZBNKN,Payee_s_bank_acct_number
ZBNKS,Country_Key
ZBNKY,Bank_key_of_the_payee_s_bank
ZBUKR,Paying_company_code
ZBVMASTER,Logon_not_Possible_Here
ZBVTY,Partner_Bank_Type
ZDART,Date_type
ZDATE,IDOC_Create_Date
ZEILE,Material_Doc_Item
ZEKKN,Seq_No_of_Account_Assgt
ZFAEL,Fixed_day
ZFBDT,Baseline_Payment_Dte
ZGRUP,Grouping_key
ZGTYP,Certificate_type
ZIBAN,IBAN_of_the_Payee
ZINDT,Key_date_of_last_int_calc
ZINKZ,Interest_block
ZINRT,Interest_calc_frequency
ZJVPCCA,Cost_Center_2
ZJVPCCB,Cost_Center_3
ZLAND,Payee_s_country
ZLOTKZ,Request_Number_2
ZLSCH,Payment_Method
ZLSPR,Payment_Block
ZLSTN,Name_of_the_print_dataset
ZMONA,Additional_months
ZMVERA,Cost_Center_Location
ZMVERAADP,ADP_Location
ZNME1,Payee_name
ZNME2,Payee_name_2
ZNME3,Payee_name_3
ZNME4,Payee_name_4
ZOLLD,Customs_date
ZOLLT,Customs_tariff_no
ZONE1,Supply_region
ZORT1,City
ZORT2,District
ZPFAC,Payees_PO_box
ZPFOR,PO_Box_city
ZPRZ1,Cash_Discount_Pct_Rate_1
ZPRZ2,Cash_Discount_Pct_Rate_2
ZPST2,PO_Box_Postal_Code
ZPSTL,Payee_postal_code
ZREGI,Regional_code
ZSABE,User_at_customer
ZSCHF,Block_key
ZSCHL,Overhead_key
ZSCHM,Interest_Profile
ZSMN1,Additional_months_term_1
ZSMN2,Additional_months_term_2
ZSMN3,Additional_months_term_3
ZSPRA,Payee_s_language_key
ZSTC1,Payee_tax_code_1
ZSTG1,Due_Date_for_Special_Cond_1
ZSTG2,Due_Date_for_Special_Cond_2
ZSTG3,Due_Date_for_Special_Cond_3
ZSTRA,Payee_s_street
ZSWIF,SWIFT_BIC
ZTAG1,Days_frm_BaseLnDate_for_Pmnt_1
ZTAG2,Days_frm_BaseLnDate_for_Pmnt_2
ZTAG3,Days_frm_BaseLnDate_for_Pmnt_3
ZTAGG,Day_limit
ZTELF,Payee_Telephone_Number
ZTELX,Payee_telex_number
ZTERM,Terms_of_Payment
ZTLFX,Fax_Number
ZTMSACCPDATE,ZMM_INV_FIELDS_ZTMSACCPDATE
ZTMSASSRESOURCE,ZMM_INV_FIELDS_ZTMSASSRESOURCE
ZTMSCALLID,ZMM_INV_FIELDS_ZTMSCALLID
ZTMSDISPATCHDATE,ZMM_INV_FIELDS_ZTMSDISPATCHDATE
ZTMSDISPOSAL,ZMM_INV_FIELDS_ZTMSDISPOSAL
ZTMSEXCESSTHR,ZMM_INV_FIELDS_ZTMSEXCESSTHR
ZTMSLOWRTHR,ZMM_INV_FIELDS_ZTMSLOWRTHR
ZTMSONSITEDATE,ZMM_INV_FIELDS_ZTMSONSITEDATE
ZTMSROUTE,ZMM_INV_FIELDS_ZTMSROUTE
ZTMSTANKBEGLVL,ZMM_INV_FIELDS_ZTMSTANKBEGLVL
ZTMSTANKENDLVL,ZMM_INV_FIELDS_ZTMSTANKENDLVL
ZTMSTASKNO,ZMM_INV_FIELDS_ZTMSTASKNO
ZTMSTRAVELDATE,ZMM_INV_FIELDS_ZTMSTRAVELDATE
ZTMSTRUCKLOAD,ZMM_INV_FIELDS_ZTMSTRUCKLOAD
ZTMSVENDOR2,Hauler_SWD_Vendor
ZTMSVOLUMEACT,ZMM_INV_FIELDS_ZTMSVOLUMEACT
ZTMSVOLUOM,ZMM_INV_FIELDS_ZTMSVOLUOM
ZTMSWAITMIN,ZMM_INV_FIELDS_ZTMSWAITMIN
ZUAWA,Sort_key
ZUMSK,Trgt_special_GL_ind
ZUONR,Assignment
ZUORD,Network_asst
ZUSCH,Status_key
ZUSTD,Batch_Restricted
ZUSTD_T156M,Stock_Type_Modif
ZVERAK,Location
ZWELS,Payment_methods
ZWERT,OA_Target_Value
ZZAPPVALUE,Approved_Value
ZZCAMT,Claim_Amt
ZZCLAIMID,Claim_ID
ZZCLMCOM,Claim_Comments
ZZCNCSN,Well_ID_MUWI
ZZCTRSTS,Cost_Center_Status
ZZCTRTYP,Cost_Center_Type
ZZCTYLMT,Inside_city_limits
ZZFPSCNTY,FIPS_County
ZZFPSCTY,FIPS_City
ZZFTIND,FastTrac_Indicator
ZZINVTYPE,Invoice_Type
ZZJVPCCB,Cost_Center_2
ZZLBLCD,Legacy_bill_code_DOI
ZZLCIND,Life_Cycle_Indicator
ZZLCOMP,Legacy_Company_Code
ZZLCRXCHK,Life_Cycle_Error_Msg
ZZLCTR,Legacy_Cost_Center
ZZLFECYCL,Life_Cycle
ZZLFECYCLDESC,Life_Cycle_Description
ZZLOCCD,Location_Code
ZZMROISSCOM,Issue_Comments
ZZMROISSDAT,Issue_Creation_Date
ZZMROISSUE,Issue
ZZMRORESDAT,Resolution_Date
ZZMRORESOL,Resolution
ZZMROREVRES,MRO_Rev_Result
ZZNCAMT,Non_Compl_Amt
ZZNEWVALUE,New_Value
ZZOFSHR,On_shore_Off_shore
ZZOLDVALUE,Old_PO_Value
ZZP1,Proved_Developed
ZZP1B,Proved_Developed_Behind_Pipe
ZZP2,Proved_Undeveloped
ZZP3,Probable
ZZP4,Possible
ZZP5,Contingent_No_Proven
ZZP6,Contingent_No_Probable
ZZP7,Contingent_No_Possible
ZZP8,Prospective_Resources
ZZPARTLOCK,Partial_Lock
ZZPRCBKADMIN,PriceBook_Owner
ZZPRCBKTYP,PriceBook_Type
ZZPRICONSTAT,Pricing_Contract_Type
ZZREQNO,Shopping_Cart
ZZRESVPROP,Reserve_Property
ZZSETTLE,Claim_Settled
ZZSUPISSCOM,Issue_Comments
ZZSUPISSDAT,Issue_Creation_Date
ZZSUPISSUE,Issue
ZZSUPRESDAT,Resolution_Date
ZZSUPRESOL,Resolution
ZZSUPREVRES,Sup_Rev_Result
ZZTAXPL,Tax_Pool
ZZTCTOP,Vendor
ZZTHRESHOLD,FastTrac_Threshold
ZZ_INSURANCE,Insurance_Indicator
ZZ_MOC_RATING,MOC_Vendor_Rating
ZZ_OBJID,Agent_ID
ZZ_OS_INDEM,Onsite_Indemnification
ZZ_OTYPE,Object_Type
ZZ_SR_OFFSHORE,Offshore_Safety_Rating
ZZ_SR_ONSHORE,Onshore_Safety_Rating
ZZ_WL_CONTRACT,Wellogix_Contract_Number
_DATAAGING,CDHDR_DATAAGIN
